"WD11CD","express_coverage","extra_coverage","superstore_coverage","total_coverage","overlap_index","unique_types"
"E05000001",100.000000000007,0,0,100.000000000007,0,1
"E05000003",99.9999999999589,0,0,99.9999999999589,0,1
"E05000010",100.000000000004,0,0,100.000000000004,0,1
"E05000015",99.9999999999288,0,0,99.9999999999288,0,1
"E05000023",100.000000000035,0,0,100.000000000035,0,1
"E05000025",100.000000000002,0,0,100.000000000002,0,1
"E05000026",99.9999999999974,0,94.120587902985,99.9999999999974,94.120587902985,2
"E05000027",100.000000000002,0,0,100.000000000002,0,1
"E05000028",64.9893934050819,27.8742382381822,0,64.9893934050819,27.8742382381822,2
"E05000029",36.4618339091311,0,4.54121299165438,41.0030469007855,0,2
"E05000030",58.9433345930739,15.0679807119125,0,73.0417240656238,0.969591239362671,2
"E05000031",99.2409326369971,0,3.33757913892163,99.2409326369971,3.33757913892163,2
"E05000032",100.000000000006,0.500036885723191,70.5038041907118,100.000000000006,71.003841076435,3
"E05000033",69.1290681720221,0,0,69.1290681720221,0,1
"E05000034",82.5735292714102,0,0,82.5735292714102,0,1
"E05000035",64.3195620268469,0,2.86266845185606,64.3195620268469,2.86266845185607,2
"E05000036",28.7273884897737,0,0,28.7273884897737,0,1
"E05000037",67.5734567447621,0,0,67.5734567447621,0,1
"E05000038",28.250165239575,0,0,28.250165239575,0,1
"E05000039",34.5779786983991,0.569843537988274,0.074366945464007,34.8204369377017,0.401752244149698,3
"E05000040",95.8026963609447,14.2053070528655,0,95.8026963609447,14.2053070528655,2
"E05000041",94.2205595208538,0,0,94.2205595208538,0,1
"E05000042",88.3037372442437,0.215693841256335,0,88.3037372442437,0.215693841256339,2
"E05000043",95.0155231587985,0.356276730283055,0,95.0155231587985,0.356276730283057,2
"E05000044",78.4056063691546,0,0,78.4056063691546,0,1
"E05000045",98.5788705151744,0,28.4854585356517,98.5788705151744,28.4854585356517,2
"E05000046",98.6126424391711,0,0,98.6126424391711,0,1
"E05000047",82.9191628954074,84.149249972387,0,100,67.068412867794,2
"E05000048",93.3494350598807,0,0,93.3494350598807,0,1
"E05000049",69.7736783566075,21.7517639031613,5.90419901936866,87.2921358415375,10.1375054375999,3
"E05000050",84.8898855742995,0,0,84.8898855742995,0,1
"E05000051",16.6036302708691,0,60.9790363920516,77.5826666629207,0,2
"E05000052",52.5251442077231,0,0.888928387474923,53.4139688574411,0.000103737756973032,2
"E05000053",86.9622474743043,0,86.426889481923,97.5690912132549,75.8200457429724,2
"E05000054",61.3749227853929,0,0,61.3749227853929,0,1
"E05000055",99.3296610786242,0,7.6293157222207,99.3296610786242,7.6293157222207,2
"E05000056",42.7353795089475,0.0023032746436532,0,42.7376827835912,0,2
"E05000057",34.9633157472541,0,6.4118297439923,41.3751454912464,0,2
"E05000058",96.8644022753171,0,0,96.8644022753171,0,1
"E05000059",24.7417370668626,0,1.53632090351977,25.5532334656849,0.724824504697516,2
"E05000060",43.1261707871158,0,0,43.1261707871158,0,1
"E05000061",43.0771222707786,0,82.0521886682297,99.9999999999952,25.129310939013,2
"E05000062",72.985013561222,0,34.9873380598355,73.1512747206599,34.8210769003976,2
"E05000063",87.7442376964577,38.2228593007375,21.2275061062958,98.1654872263165,49.0291158771745,3
"E05000064",12.2798832973122,0,0,12.2798832973122,0,1
"E05000065",2.87143833702653,0,0,2.87143833702653,0,1
"E05000066",74.7969990914089,0,0,74.7969990914089,0,1
"E05000067",64.379329524918,0,2.05427748274632,64.379329524918,2.05427748274633,2
"E05000068",30.4907672543059,0,3.23384887740116,30.6352789479729,3.08933718373424,2
"E05000069",0,0,0,0,0,0
"E05000070",99.9999999999952,0,0,99.9999999999952,0,1
"E05000071",28.494955749027,0,0,28.494955749027,0,1
"E05000072",35.2443911701237,0,27.499390060574,35.8537652784121,26.8900159522857,2
"E05000073",64.3966855250704,0,74.1379893617164,78.6223105597492,59.9123643270375,2
"E05000074",99.4643803996951,0,42.4058459730677,99.4643803996951,42.4058459730677,2
"E05000075",48.8787906111812,0,0,48.8787906111812,0,1
"E05000076",94.1248729106866,0,64.0550151179275,94.1248729106866,64.0550151179275,2
"E05000077",0,0,0,0,0,0
"E05000078",59.0753370453844,0,6.67865660867104,59.0753370453844,6.67865660867103,2
"E05000079",47.0523945159675,0,0,47.0523945159675,0,1
"E05000080",77.6772234996011,0,0,77.6772234996011,0,1
"E05000081",0.487034854495604,0,0,0.487034854495604,0,1
"E05000082",95.1263155634016,0,55.5667537343736,95.1263155634016,55.5667537343736,2
"E05000083",98.9331140202926,0,0,98.9331140202926,0,1
"E05000084",0,0,0,0,0,0
"E05000085",35.6848172655332,0,13.7645690777478,49.449386343281,7.105427357601e-15,2
"E05000086",83.076671901003,5.28809169149198,0,83.076671901003,5.28809169149199,2
"E05000087",86.7598918908834,0,2.58092600580315,87.7313247765934,1.60949312009319,2
"E05000088",75.0620177502947,10.9199652651058,1.85112887195034,75.9747376724684,11.8583742148825,3
"E05000089",88.0555698006435,69.3577167720421,3.96460162410219,92.9260944784099,68.4517937183779,3
"E05000090",48.9348305707323,0,0,48.9348305707323,0,1
"E05000091",99.8876548225791,27.2420951362872,96.4511050935693,99.9999999999963,123.580855052439,3
"E05000092",56.3074644039248,0,83.1063382658998,99.9999999999856,39.413802669839,2
"E05000093",65.2669921704041,0,0.00786955374243882,65.2669921704041,0.00786955374243803,2
"E05000094",99.999999999998,0,0,99.999999999998,0,1
"E05000095",99.9999999999924,0,0,99.9999999999924,0,1
"E05000096",71.2594494041076,0,5.11730439827515,71.2594494041076,5.11730439827515,2
"E05000097",99.284122914863,0,0,99.284122914863,0,1
"E05000098",100.000000000006,0,0,100.000000000006,0,1
"E05000099",89.0006299750266,0,0,89.0006299750266,0,1
"E05000100",83.7589134107058,37.1549263172679,14.6627582944021,83.8468581952671,51.7297398271087,3
"E05000101",94.5474176061805,0,0,94.5474176061805,0,1
"E05000102",96.6248571631715,16.8859017837995,0,96.6248571631715,16.8859017837995,2
"E05000103",66.4160623335853,37.1512994048636,0,66.4160623335853,37.1512994048636,2
"E05000104",99.7792283878705,0,0,99.7792283878705,0,1
"E05000105",22.5668184172099,11.9707800606197,48.2069195594203,64.7709664554063,17.9735515818436,3
"E05000106",12.1961772478254,0,44.5779385537344,45.0871568538616,11.6869589476983,2
"E05000107",29.3084059644963,0,0,29.3084059644963,0,1
"E05000108",2.21003480926954,0,9.09884565355811,9.09884565355811,2.21003480926955,2
"E05000109",89.7623167289025,0,47.3155583792274,92.5982076973053,44.4796674108246,2
"E05000110",0,3.79953081670073,0,3.79953081670073,0,1
"E05000111",0.712818641417512,0,0,0.712818641417512,0,1
"E05000112",99.5157544351521,0,60.9220091877497,100,60.4377636229014,2
"E05000113",65.4105219419218,0,0,65.4105219419218,0,1
"E05000114",26.7823572420064,2.81898851621768,14.6476842640464,30.553905770403,13.6951242518675,3
"E05000115",63.3377838031529,0.303053013697968,20.6432573489629,63.6408368168509,20.6432573489629,3
"E05000116",100.000000000008,0,0,100.000000000008,0,1
"E05000117",5.41559943327819,0,0,5.41559943327819,0,1
"E05000118",0,10.4108354611726,0,10.4108354611726,0,1
"E05000119",10.4973960360855,0,0.313154277064295,10.4976256574498,0.312924655699959,2
"E05000120",93.0085632883062,0,26.073710534582,94.0555509997979,25.0267228230903,2
"E05000121",45.48398430784,0,0,45.48398430784,0,1
"E05000122",0,54.8951310649012,0,54.8951310649012,0,1
"E05000123",98.3969135297885,0,0.336652338038221,98.3969135297885,0.33665233803822,2
"E05000124",0,22.5496967634285,0,22.5496967634285,0,1
"E05000125",87.2433466486129,0,4.31891087782095,87.2433466486129,4.31891087782095,2
"E05000126",98.8415204290671,0,0.692633786392117,98.8415204290671,0.692633786392122,2
"E05000127",39.3551022290592,0,0,39.3551022290592,0,1
"E05000128",99.9999999999866,0,0,99.9999999999866,0,1
"E05000129",99.999999999997,0,0,99.999999999997,0,1
"E05000130",99.9999999999862,0,0,99.9999999999862,0,1
"E05000131",100.000000000004,0,0,100.000000000004,0,1
"E05000132",99.9999999999978,0,0,99.9999999999978,0,1
"E05000133",100.000000000002,0,0,100.000000000002,0,1
"E05000134",99.9999999999921,0,0,99.9999999999921,0,1
"E05000135",89.8582030641592,0,0,89.8582030641592,0,1
"E05000136",100.000000000008,0,0,100.000000000008,0,1
"E05000137",87.1150750688022,0,0,87.1150750688022,0,1
"E05000138",99.999999999988,0,0,99.999999999988,0,1
"E05000139",99.999999999996,0,0,99.999999999996,0,1
"E05000140",99.999999999978,0,0,99.999999999978,0,1
"E05000141",99.9999999999956,0,0,99.9999999999956,0,1
"E05000142",99.9999999999992,0,0,99.9999999999992,0,1
"E05000143",99.9999999999964,0,0,99.9999999999964,0,1
"E05000144",100.000000000001,0,0,100.000000000001,0,1
"E05000145",100.000000000002,0,0,100.000000000002,0,1
"E05000146",99.9999999999929,0,0,99.9999999999929,0,1
"E05000147",99.9999999999974,0,34.8766595811331,99.9999999999974,34.8766595811331,2
"E05000148",99.9999999999984,0,99.0783113767293,99.9999999999984,99.0783113767293,2
"E05000149",81.5079894044163,0,0,81.5079894044163,0,1
"E05000150",17.3561186638975,0,0,17.3561186638975,0,1
"E05000151",68.1840152536208,14.9128317297184,23.6677923147261,80.6344283651316,26.1302109329337,3
"E05000152",87.2601679173682,0,0,87.2601679173682,0,1
"E05000153",80.0497096033506,0,0,80.0497096033506,0,1
"E05000154",0,0,0,0,0,0
"E05000155",11.8317200371023,0,0,11.8317200371023,0,1
"E05000156",47.3118349673077,15.6978497956004,0,47.3118349673077,15.6978497956004,2
"E05000157",0,0,0,0,0,0
"E05000158",93.8598354015523,3.42882052864763,4.26001027490266,94.0567230898658,7.49194311523672,3
"E05000159",81.2377385869346,68.355412175712,0,82.5195304637637,67.0736202988829,2
"E05000160",26.9689486454818,0.975201506884088,0,27.053735942141,0.890414210224808,2
"E05000161",100.000000000001,0,41.0474811705606,100.000000000001,41.0474811705606,2
"E05000162",1.38085283983847,0,0,1.38085283983847,0,1
"E05000163",97.6639236285293,0,2.74553320282845,97.6639236285293,2.74553320282845,2
"E05000164",99.8986153779116,0,8.91675452027504,99.8986153779116,8.91675452027505,2
"E05000165",55.2858352653474,0,97.1343014958207,99.542566268178,52.87757049299,2
"E05000166",75.3371712335477,0,10.7913873547157,80.529388275447,5.59917031281643,2
"E05000167",62.6101342356134,1.89571665543993,0,63.3228646053182,1.18298628573508,2
"E05000168",97.2851720071771,0,17.765781667635,97.2851720071771,17.765781667635,2
"E05000169",100.000000000006,0,49.9672261795906,100.000000000006,49.9672261795906,2
"E05000170",98.0403392562325,0,11.6323629016676,99.7764764797653,9.89622567813478,2
"E05000171",35.2669292285296,0,55.3330000241602,86.6150644347006,3.98486481798926,2
"E05000172",29.3131556534361,3.22813904183267,0,32.5412946952687,0,2
"E05000173",100.000000000008,0,0,100.000000000008,0,1
"E05000174",98.103221826149,0,0,98.103221826149,0,1
"E05000175",87.4088582226775,0,45.5821632448284,92.8433630662654,40.1476584012405,2
"E05000176",99.8612405031282,4.87644109662687,0,100.000000000001,4.73768159975404,2
"E05000177",100.000000000001,13.9365823234384,0,100.000000000001,13.9365823234384,2
"E05000178",98.0801798866786,0,1.44125376302775,98.0801798866786,1.44125376302775,2
"E05000179",41.8535341104512,0,8.86338202555435,49.526450477283,1.19046565872254,2
"E05000180",73.2863297365966,0,0.0825408460786535,73.366851798137,0.00201878453822246,2
"E05000181",67.2559599693694,67.6492962568216,0,93.5341186823183,41.3711375438726,2
"E05000182",91.5837927589908,1.37694131740015,0,91.5837927589908,1.37694131740015,2
"E05000183",64.951387892178,0,7.01607858013156,68.014183195329,3.95328327698051,2
"E05000184",47.3606834567453,0,0,47.3606834567453,0,1
"E05000185",85.0937332257115,17.7762774468474,0,85.0937332257115,17.7762774468474,2
"E05000186",67.0876814051345,0.0322988745354314,0,67.0876814051345,0.032298874535428,2
"E05000187",28.8835203818459,0,83.8924794834267,99.9979932627203,12.7780066025523,2
"E05000188",99.9547343377666,0,3.3282127565179,99.9547343377666,3.3282127565179,2
"E05000189",66.6432289473239,20.3539221354051,0,78.7342458759076,8.26290520682143,2
"E05000190",96.622158306777,45.2055905145121,0,99.9999999999955,41.8277488212937,2
"E05000191",95.2795743267321,0,56.9012960894027,100,52.1808704161348,2
"E05000192",100.000000000007,0,0,100.000000000007,0,1
"E05000193",85.6488812596859,0,0,85.6488812596859,0,1
"E05000194",52.7889134522222,0.546847611562494,20.6025279297425,72.8497066062694,1.08858238725776,3
"E05000195",3.85004506370611,0,0.0757625256422249,3.85565068268287,0.0701569066654613,2
"E05000196",30.9810278306829,0,0,30.9810278306829,0,1
"E05000197",56.9335876852281,47.9878284394464,0,80.7197705705186,24.2016455541559,2
"E05000198",55.5876707236337,21.4951368016146,0,68.2587689049902,8.82403862025805,2
"E05000199",98.7617670434213,0,1.76892113561989,99.5264119517155,1.00427622732572,2
"E05000200",84.9787994862266,0,43.6368901406462,91.168838190778,37.4468514360947,2
"E05000201",30.9094091187712,0,0,30.9094091187712,0,1
"E05000202",53.7285304372986,0,1.52540942973321,53.7285304372986,1.52540942973322,2
"E05000203",0.341148382165855,15.433724402326,0,15.7748727844919,-1.77635683940025e-15,2
"E05000204",13.7825671521196,0,0,13.7825671521196,0,1
"E05000205",43.7311230649323,0,0,43.7311230649323,0,1
"E05000206",0,55.8337188541022,0,55.8337188541022,0,1
"E05000207",21.1483078674351,45.8201351078207,48.8955249936207,93.4912680423342,22.3726999265423,3
"E05000208",58.4158128708602,0,0,58.4158128708602,0,1
"E05000209",27.4431530954442,3.63998443449876,0,29.1051927835509,1.9779447463921,2
"E05000210",58.6089889861426,0,65.6422777672718,78.7701398267926,45.4811269266218,2
"E05000211",99.4302192233898,0,0,99.4302192233898,0,1
"E05000212",69.2841034654369,49.4901173867431,0,79.3832456037273,39.3909752484527,2
"E05000213",68.618038226293,0,0,68.618038226293,0,1
"E05000214",18.2434230492499,0,0,18.2434230492499,0,1
"E05000215",71.7489707385415,0,0,71.7489707385415,0,1
"E05000216",34.1688874365302,0,0,34.1688874365302,0,1
"E05000217",14.4822321427453,0,0,14.4822321427453,0,1
"E05000218",77.3394414651118,0,0,77.3394414651118,0,1
"E05000219",33.0446463145228,0,0,33.0446463145228,0,1
"E05000220",99.9999999999997,0,0,99.9999999999997,0,1
"E05000221",99.999999999989,54.4149989214834,0,99.999999999989,54.4149989214834,2
"E05000222",96.0268615121682,0,35.7581329937348,96.8466209287945,34.9383735771085,2
"E05000223",45.517141884732,0,0,45.517141884732,0,1
"E05000224",99.8533308919315,0,0,99.8533308919315,0,1
"E05000225",78.7260568838379,0,0,78.7260568838379,0,1
"E05000226",98.347466161372,0,0,98.347466161372,0,1
"E05000227",22.4453846031492,0.589480818772998,0,22.9226696535924,0.112195768329769,2
"E05000228",64.0508255597047,0.423969592779525,0,64.0508255597047,0.423969592779528,2
"E05000229",74.9872086938512,62.1523120648263,0,79.1691520724343,57.9703686862432,2
"E05000230",80.0589734153428,56.832795353511,0,80.0589734153428,56.832795353511,2
"E05000231",99.9999999999899,0,42.6016565635076,99.9999999999899,42.6016565635075,2
"E05000232",100.000000000014,0,0,100.000000000014,0,1
"E05000233",96.5561835114568,0,99.9999999999981,99.9999999999981,96.5561835114568,2
"E05000234",100.000000000002,0,0,100.000000000002,0,1
"E05000235",99.9999999999963,0,34.3838853403483,99.9999999999963,34.3838853403483,2
"E05000236",99.9999999999989,0,0,99.9999999999989,0,1
"E05000237",99.9999999999933,0,99.9999999999933,99.9999999999933,99.9999999999933,2
"E05000238",99.9999999999799,0,37.0849859775185,99.9999999999799,37.0849859775185,2
"E05000239",100.000000000008,0,0,100.000000000008,0,1
"E05000240",100,0,0,100,0,1
"E05000241",70.6627049020968,0,15.4273620354563,71.7204340524992,14.3696328850539,2
"E05000242",99.9999999999933,0,38.9227786015797,99.9999999999933,38.9227786015797,2
"E05000243",99.9999999999944,0,0,99.9999999999944,0,1
"E05000244",92.6281540786069,0,23.7926176481935,98.5963658574094,17.824405869391,2
"E05000245",99.9999999999943,0,56.9008797222878,99.9999999999943,56.9008797222878,2
"E05000246",83.221134367172,0,14.9319062490386,97.7686054716796,0.384435144531025,2
"E05000247",100.000000000002,0,0,100.000000000002,0,1
"E05000248",91.0531920458454,0,100.000000000001,100.000000000001,91.0531920458455,2
"E05000249",85.2047194684318,0,44.5342222203619,99.9999999999944,29.7389416887992,2
"E05000250",99.9999999999979,0,99.9999999999979,99.9999999999979,99.9999999999979,2
"E05000251",100.000000000002,0,100.000000000002,100.000000000002,100.000000000002,2
"E05000252",100.000000000015,0,100.000000000015,100.000000000015,100.000000000015,2
"E05000253",87.6897430719292,0,28.4840435525671,99.3569963419305,16.8167902825658,2
"E05000254",100.000000000008,0,64.3008799435125,100.000000000008,64.3008799435126,2
"E05000255",100.000000000005,0,48.0836968403758,100.000000000005,48.0836968403758,2
"E05000256",99.9999999999933,0,99.9999999999933,99.9999999999933,99.9999999999933,2
"E05000257",99.9999999999948,0,0,99.9999999999948,0,1
"E05000258",99.9999999999849,0,99.9999999999849,99.9999999999849,99.9999999999849,2
"E05000259",100.000000000001,0,6.13367847771344,100.000000000001,6.13367847771343,2
"E05000260",100.000000000004,0,0,100.000000000004,0,1
"E05000261",100.000000000007,0,78.037494286602,100.000000000007,78.037494286602,2
"E05000262",99.9999999999995,0,0,99.9999999999995,0,1
"E05000263",99.9999999999962,0,76.1260249140102,99.9999999999962,76.1260249140102,2
"E05000264",99.9999999999947,0,0,99.9999999999947,0,1
"E05000265",99.999999999991,0,82.0427588880818,99.999999999991,82.0427588880818,2
"E05000266",71.1258494120775,17.0442360280547,0,80.7231203146428,7.44696512548938,2
"E05000267",99.9999999999902,0.554736615329465,0,99.9999999999902,0.55473661532946,2
"E05000268",73.244454271417,0,74.1852951620377,81.6228656829465,65.8068837505083,2
"E05000269",100.000000000008,0,20.8449873689365,100.000000000008,20.8449873689365,2
"E05000270",67.4061251296794,25.2222663049567,0,84.2268391744558,8.4015522601803,2
"E05000271",99.9999999999972,0,43.8033377917614,99.9999999999972,43.8033377917614,2
"E05000272",92.3018017947639,0,0,92.3018017947639,0,1
"E05000273",100.00000000001,0,0,100.00000000001,0,1
"E05000274",63.4809402998195,0,0,63.4809402998195,0,1
"E05000275",100.000000000005,0,0,100.000000000005,0,1
"E05000276",98.0339094575667,58.8156891014309,0,98.0339094575667,58.8156891014309,2
"E05000277",99.9999831559603,0,38.8486367833254,100.000000000007,38.848619939279,2
"E05000278",86.9868830324782,0,67.0501485670458,100.000000000002,54.0370315995221,2
"E05000279",99.9999999999979,0,86.826927549903,99.9999999999979,86.826927549903,2
"E05000280",97.7540321641763,0,100.000000000002,100.000000000002,97.7540321641763,2
"E05000281",99.9999999999925,7.49771024858595,44.0123602615208,99.9999999999925,51.5100705101068,3
"E05000282",92.4973382545398,0,7.95611835158076,92.5971028109186,7.85635379520194,2
"E05000283",46.447896189177,0,0,46.447896189177,0,1
"E05000284",100.000000000003,0,0,100.000000000003,0,1
"E05000285",100.000000000008,0,0,100.000000000008,0,1
"E05000286",66.3495993075303,0,0,66.3495993075303,0,1
"E05000287",99.9999999999969,0,0,99.9999999999969,0,1
"E05000288",99.9999999999977,0,96.3034233741927,99.9999999999977,96.3034233741927,2
"E05000289",66.919461443052,0,5.35955556286134,66.919461443052,5.35955556286135,2
"E05000290",16.5918918232702,0,0,16.5918918232702,0,1
"E05000291",95.0152613035226,0,3.72305359775529,95.0152613035226,3.7230535977553,2
"E05000292",91.0831522103313,0,0,91.0831522103313,0,1
"E05000293",99.4754845340901,0,48.5034213046917,99.5636193267117,48.4152865120701,2
"E05000294",100.000000000007,0,0,100.000000000007,0,1
"E05000295",75.2845579484048,0,35.4208750023416,79.7644281464422,30.9410048043042,2
"E05000296",73.5780961984306,0,80.6806460751948,94.1524638887073,60.106278384918,2
"E05000297",59.602938687367,0,59.7614354473767,79.3538953912453,40.0104787434984,2
"E05000298",97.4030254017174,0,36.237471760136,100.000000000007,33.6404971618463,2
"E05000299",100.000000000002,0,0,100.000000000002,0,1
"E05000300",99.9999999999915,0,0,99.9999999999915,0,1
"E05000301",99.9999999999959,0,0,99.9999999999959,0,1
"E05000302",98.2938301520291,0,0,98.2938301520291,0,1
"E05000303",40.4485315387639,0,0,40.4485315387639,0,1
"E05000304",33.7522323889492,0,11.5748867208207,45.0967863180839,0.230332791685996,2
"E05000305",99.999999999998,0,6.70172681782238,99.999999999998,6.70172681782238,2
"E05000306",71.5597975891204,12.5879885058586,0,72.6978974435359,11.4498886514431,2
"E05000307",42.9450237795797,0,0,42.9450237795797,0,1
"E05000308",63.6766067225317,1.28627779173138,61.312210810623,91.0559511404156,35.2191441844705,3
"E05000309",64.5930770086934,3.47925216516534,0,64.5930770086934,3.47925216516533,2
"E05000310",0,2.76754588430918,0,2.76754588430918,0,1
"E05000311",40.685076128242,0,58.7917959503546,60.7047409986561,38.7721310799405,2
"E05000312",11.7583286582184,24.3606760794041,0,25.4735295793216,10.6454751583009,2
"E05000313",0,0,19.7372322304249,19.7372322304249,0,1
"E05000314",0.790866001502665,37.2756103237374,0,37.2756103237374,0.790866001502664,2
"E05000315",67.4518164306445,89.4438393093498,0,99.5604405638788,57.3352151761155,2
"E05000316",53.7109345340295,0,63.714579689657,99.8803392226295,17.545175001057,2
"E05000317",48.6064594910831,9.39916197283166,20.1444923546453,69.4780044020826,8.67210941647748,3
"E05000318",4.35602042596163,16.3346073672158,1.10676772229459,17.6934079276835,4.10398758778856,3
"E05000319",99.9998147544933,40.159089065691,0,99.9999999999978,40.1589038201865,2
"E05000320",65.364658622294,0.710878149549436,13.5268527618955,65.364658622294,14.2377309114449,3
"E05000321",62.1266833975434,38.0982509992271,2.55300193991967,68.6443223402649,34.1336139964253,3
"E05000322",100.000000000009,40.5958412233139,0,100.000000000009,40.5958412233139,2
"E05000323",9.35216020190841,0,2.30098633410631,11.6531465360147,1.77635683940025e-15,2
"E05000324",89.9615158636346,18.705958815317,0,91.4661666913659,17.2013079875858,2
"E05000325",51.1300709849537,11.6964990782129,0,51.1300709849537,11.6964990782129,2
"E05000326",96.3879521782605,0,21.7971883546091,96.3879521782605,21.7971883546091,2
"E05000327",91.9246301218479,0,0,91.9246301218479,0,1
"E05000328",22.5601305380361,0,0,22.5601305380361,0,1
"E05000329",80.4461901488951,0,9.15684817792248,80.4665777667235,9.13646056009411,2
"E05000330",3.57553196648604,0,0,3.57553196648604,0,1
"E05000331",18.0441885504194,1.00352807102237,1.71773119662265,19.265346758695,1.50010105936933,3
"E05000332",10.3067233363443,0,0,10.3067233363443,0,1
"E05000333",25.4106662704967,0,0,25.4106662704967,0,1
"E05000334",92.8266805722035,0,0,92.8266805722035,0,1
"E05000335",51.3090718217887,0,0,51.3090718217887,0,1
"E05000336",93.654648136464,0,48.4959955608769,94.2188950752608,47.9317486220801,2
"E05000337",67.4763744298418,25.6264511384318,0,67.4763744298418,25.6264511384318,2
"E05000338",36.1492093780211,0,0,36.1492093780211,0,1
"E05000339",82.6677051317177,34.991598766247,0,87.2319142089054,30.4273896890593,2
"E05000340",48.0737038110683,0,0,48.0737038110683,0,1
"E05000341",95.2971187249585,0,16.1153907994112,95.2971187249585,16.1153907994112,2
"E05000342",85.8704994813489,0,20.4693133643441,87.4924502277327,18.8473626179604,2
"E05000343",50.0175635648978,0,0,50.0175635648978,0,1
"E05000344",45.4793928995484,95.6196457788903,0,97.3942333817343,43.7048052967043,2
"E05000345",75.3324169264628,0,60.954235769504,93.0398070426273,43.2468456533395,2
"E05000346",66.396920786979,5.33618010861315,25.3227074310485,71.8544097719413,25.2013985546994,3
"E05000347",16.5017570899112,20.5068329717594,0,30.7279256161582,6.28066444551236,2
"E05000348",81.4213842609774,0,32.7266378617247,93.2451516207745,20.9028705019276,2
"E05000349",70.7667927756277,0,0,70.7667927756277,0,1
"E05000350",86.5286066397569,1.48749001644719,13.2188423062094,86.711027575255,14.5239113871586,3
"E05000351",93.4236197712543,0,92.5594102214159,100.000000000006,85.9830299926644,2
"E05000352",28.9959838789967,0,46.4789132918535,56.083452039846,19.3914451310042,2
"E05000353",87.0745368472164,0,0.251709844288288,87.3262466915046,0,2
"E05000354",66.5157781344546,0,62.0980849922695,98.9941093925367,29.6197537341874,2
"E05000355",48.9991976709032,0,0,48.9991976709032,0,1
"E05000356",85.4206182568228,0,0,85.4206182568228,0,1
"E05000357",74.5715172750231,34.7535527180266,0,88.2063030782347,21.118766914815,2
"E05000358",99.9999999999941,0,0,99.9999999999941,0,1
"E05000359",99.9900506004736,0,3.47970421980984,99.9900506004736,3.47970421980983,2
"E05000360",93.2617855806392,64.2896575535665,0,99.9999999999955,57.5514431342102,2
"E05000361",63.7984540922361,0,0,63.7984540922361,0,1
"E05000362",89.8540679748284,77.5517920170709,0,100.000000000003,67.4058599918968,2
"E05000363",48.8287859776453,49.0602944518012,0,68.2162491764996,29.6728312529469,2
"E05000364",72.2444912566535,38.0395133157992,0,75.4620373401648,34.8219672322879,2
"E05000365",80.2275829990079,0,0,80.2275829990079,0,1
"E05000366",100.000000000001,0,0,100.000000000001,0,1
"E05000367",100.000000000005,0,0,100.000000000005,0,1
"E05000368",99.9999999999925,0,0,99.9999999999925,0,1
"E05000369",99.9999999999957,0,0,99.9999999999957,0,1
"E05000370",100.000000000005,0,0,100.000000000005,0,1
"E05000371",99.9999999999873,0,92.8661748665013,99.9999999999873,92.8661748665013,2
"E05000372",99.9999999999901,0,0,99.9999999999901,0,1
"E05000373",100.000000000001,0,25.3372189923603,100.000000000001,25.3372189923603,2
"E05000374",100.000000000014,0,61.5358586853967,100.000000000014,61.5358586853967,2
"E05000375",100,0,0,100,0,1
"E05000376",100.000000000001,0,2.15401199880672,100.000000000001,2.15401199880671,2
"E05000377",99.9999999999889,0,0,99.9999999999889,0,1
"E05000378",100.000000000007,0,1.76494800177581,100.000000000007,1.76494800177581,2
"E05000379",100.000000000009,0,0,100.000000000009,0,1
"E05000380",99.9999999999794,0,0,99.9999999999794,0,1
"E05000381",100.000000000018,0,99.5001296761767,100.000000000018,99.5001296761767,2
"E05000382",100.000000000002,0,100.000000000002,100.000000000002,100.000000000002,2
"E05000383",91.7763030115543,0,0,91.7763030115543,0,1
"E05000384",100.000000000001,0,13.7767751541039,100.000000000001,13.7767751541039,2
"E05000385",100.000000000011,0,0,100.000000000011,0,1
"E05000386",100.000000000008,0,42.4276203023313,100.000000000008,42.4276203023313,2
"E05000387",99.9999999999801,0,0,99.9999999999801,0,1
"E05000388",100.000000000012,0,100.000000000012,100.000000000012,100.000000000012,2
"E05000389",100.000000000019,0,0,100.000000000019,0,1
"E05000390",98.1696005831425,0,0,98.1696005831425,0,1
"E05000391",100.000000000001,0,83.7059991044823,100.000000000001,83.7059991044823,2
"E05000392",99.9999999999869,0,10.6782253653479,99.9999999999869,10.6782253653479,2
"E05000393",100.000000000003,0,0,100.000000000003,0,1
"E05000394",99.9999999999984,0,0,99.9999999999984,0,1
"E05000395",99.9999999999779,0,43.2156993856201,99.9999999999779,43.2156993856201,2
"E05000396",100.000000000003,0,51.6210758619609,100.000000000003,51.6210758619608,2
"E05000397",99.9999999999875,0,0,99.9999999999875,0,1
"E05000398",99.9999999999987,0,0,99.9999999999987,0,1
"E05000399",99.9999999999974,0,0,99.9999999999974,0,1
"E05000400",87.4173025974446,0,0,87.4173025974446,0,1
"E05000401",43.7279656584137,0,0,43.7279656584137,0,1
"E05000402",99.7804104800102,53.2576325657151,0,99.7804104800102,53.2576325657151,2
"E05000403",97.5886851234861,0,0,97.5886851234861,0,1
"E05000404",100.000000000001,0,0,100.000000000001,0,1
"E05000405",27.218098023678,0,0,27.218098023678,0,1
"E05000406",28.9710647073081,0.58510040514375,0,28.9710647073081,0.585100405143749,2
"E05000407",99.9932315789247,0.794635514179081,0,99.9932315789247,0.794635514179078,2
"E05000408",78.8784238989825,0,0,78.8784238989825,0,1
"E05000409",99.9999999999991,0,0,99.9999999999991,0,1
"E05000410",100.000000000001,1.01012326486189,0,100.000000000001,1.01012326486189,2
"E05000411",86.7119706592581,34.358399899298,0,86.7119706592581,34.358399899298,2
"E05000412",2.76783030470602,0,0,2.76783030470602,0,1
"E05000413",71.7822932097984,0,0,71.7822932097984,0,1
"E05000414",99.9999999999948,0,0,99.9999999999948,0,1
"E05000415",40.2803281479068,0,0,40.2803281479068,0,1
"E05000416",99.9999999999979,0,27.0707988081443,99.9999999999979,27.0707988081443,2
"E05000417",100.000000000006,0,73.7424125789128,100.000000000006,73.7424125789128,2
"E05000418",85.2484943113139,0,99.9999999999857,99.9999999999857,85.2484943113139,2
"E05000419",99.2091759373828,0,42.3393947322746,99.9999999999989,41.5485706696585,2
"E05000420",99.9999999999996,0,79.4456419343908,99.9999999999996,79.4456419343908,2
"E05000421",99.959643636569,0,99.575966744689,100.000000000016,99.5356103812421,2
"E05000422",98.3293211373829,0,0,98.3293211373838,-9.52127265918534e-13,1
"E05000423",99.9999999999927,0,21.9136868399615,99.9999999999927,21.9136868399615,2
"E05000424",100.000000000007,1.16796287900818,0,100.000000000007,1.16796287900817,2
"E05000425",99.9999999999991,0,56.009511538747,99.9999999999991,56.009511538747,2
"E05000426",99.9999999999977,0,98.8790668170538,99.9999999999977,98.8790668170538,2
"E05000427",100.000000000003,0,100.000000000003,100.000000000003,100.000000000003,2
"E05000428",71.9461832339497,79.3481219353151,0,99.9999999999664,51.2943051692983,2
"E05000429",100.000000000016,0,23.6786386921245,100.000000000016,23.6786386921245,2
"E05000430",100.000000000006,0,0,100.000000000006,0,1
"E05000431",51.2861715036989,77.1568355137949,0,91.4594095131878,36.9835975043059,2
"E05000432",92.2259969683762,77.6703517437635,0,99.9999999999922,69.8963487121476,2
"E05000433",100.000000000008,0,74.6234391958958,100.000000000008,74.6234391958958,2
"E05000434",100.000000000001,0,0,100.000000000001,0,1
"E05000435",99.9999999999912,0,54.7284601422899,99.9999999999912,54.7284601422899,2
"E05000436",99.9999999999979,0,29.1743416334594,99.9999999999979,29.1743416334594,2
"E05000437",96.804037509068,0,12.5119190461968,96.804037509068,12.5119190461968,2
"E05000438",21.6273151659796,0,61.5199489685549,63.0194920123712,20.1277721221633,2
"E05000439",99.9999999999913,0,43.2377709493834,99.9999999999913,43.2377709493834,2
"E05000440",96.7868494623645,0,42.8146052274639,96.7868494623645,42.8146052274639,2
"E05000441",49.3983179431032,0,43.3555083455748,63.8830610001458,28.8707652885321,2
"E05000442",100.000000000006,0,0,100.000000000006,0,1
"E05000443",100.000000000008,54.5843964415706,0,100.000000000008,54.5843964415706,2
"E05000444",99.1167497122555,0,0,99.1167497122555,0,1
"E05000445",92.5689463424565,0,0,92.5689463424579,-1.46371803566581e-12,1
"E05000446",88.4019744039407,0,73.5361494526233,88.5172565604618,73.4208672961023,2
"E05000447",96.479297032542,0,6.45983064951415,96.479297032542,6.45983064951415,2
"E05000448",86.4399064639786,0,74.8708762675527,100.000000000002,61.3107827315288,2
"E05000449",98.7395962965132,14.5753509568967,0.873922849988885,99.1376637628119,15.0512063405868,3
"E05000450",99.9999999999986,0,7.58712060504842,99.9999999999986,7.58712060504841,2
"E05000451",100.000000000001,0,100.000000000001,100.000000000001,100.000000000001,2
"E05000452",99.9999999999964,0,0,99.9999999999964,0,1
"E05000453",77.4390819616725,0,0,77.4390819616725,0,1
"E05000454",97.8513561868896,0,0,97.8513561868896,0,1
"E05000455",99.9999999999887,0,0,99.9999999999887,0,1
"E05000456",63.3644564666057,12.9788253143068,0,64.4994139948115,11.843867786101,2
"E05000457",100.000000000002,0,0,100.000000000002,0,1
"E05000458",5.15940008482567,0,0,5.15940008482567,0,1
"E05000459",99.9999999999997,8.02314657148725,0,99.9999999999997,8.02314657148725,2
"E05000460",66.6883791122546,0,0,66.6883791122546,0,1
"E05000461",99.9999999999987,2.72280021730364,0,99.9999999999987,2.72280021730364,2
"E05000462",100,0,0,100,0,1
"E05000463",90.6489148218987,0,0,90.6489148218987,0,1
"E05000464",46.1244451757436,0.0600885065780092,0,46.1244451757436,0.0600885065780119,2
"E05000465",29.844974879797,12.7544690747017,0,33.78037056299,8.81907339150877,2
"E05000466",78.6981212927175,0,0,78.6981212927175,0,1
"E05000467",31.4196665509563,0,0,31.4196665509563,0,1
"E05000468",7.42004902823441,0,0,7.42004902823441,0,1
"E05000469",47.416405878069,62.2961918769707,0,85.4798720521269,24.2327257029129,2
"E05000470",0.747764503738548,0.807275156950317,0,1.14980033743892,0.405239323249948,2
"E05000471",99.9999999999993,0,0,99.9999999999993,0,1
"E05000472",41.3809291609011,0.197121213249126,0,41.5780503741502,0,2
"E05000473",26.0955635210892,97.5010927786034,0,97.8086000073157,25.7880562923768,2
"E05000474",99.5311415336853,0,0,99.5311415336851,1.13686837721616e-13,1
"E05000475",23.8724191323346,74.3109405161142,0.53691324682165,82.7951539082666,15.9251189870039,3
"E05000476",99.9999999999837,0,0,99.9999999999837,0,1
"E05000477",70.5559349173922,0,41.184204619381,81.7842281395344,29.9559113972388,2
"E05000478",100.000000000009,0,0,100.000000000009,0,1
"E05000479",57.9297317730331,0,0,57.9297317730331,0,1
"E05000480",99.9999999999899,0,25.3028480256273,99.9999999999899,25.3028480256273,2
"E05000481",99.9999999999925,0,16.9027405003226,99.9999999999925,16.9027405003226,2
"E05000482",99.8349507025873,30.1377022421033,30.1137049613728,100.000000000007,60.086357906056,3
"E05000483",100.000000000004,0,0,100.000000000004,0,1
"E05000484",100.000000000002,0,0,100.000000000002,0,1
"E05000485",99.999999999996,0,0,99.999999999996,0,1
"E05000486",100.000000000016,0,0,100.000000000016,0,1
"E05000487",99.7338426272488,0,6.2227277476565,99.9999999999915,5.95657037491377,2
"E05000488",99.9999999999971,0,0,99.9999999999971,0,1
"E05000489",99.9999999999997,0,0,99.9999999999997,0,1
"E05000490",100.000000000008,0,0,100.000000000008,0,1
"E05000491",43.9526882441572,6.27722710473034,0,45.4716591386518,4.75825621023576,2
"E05000492",99.9999999999957,0,34.9907319442265,99.9999999999957,34.9907319442265,2
"E05000493",99.2975272643457,0,99.9999999999918,99.9999999999918,99.2975272643457,2
"E05000494",100.000000000003,0,7.88240751143137,100.000000000003,7.88240751143137,2
"E05000495",15.2463474177975,0,27.3113554787605,34.4447343702408,8.1129685263172,2
"E05000496",99.158852741928,0,61.1390331732646,99.9999999999986,60.2978859151939,2
"E05000497",3.41789184400702,0,10.8701511472765,13.9839617761407,0.304081215142824,2
"E05000498",83.1908524934202,43.3563735981894,0,87.0857419063374,39.4614841852721,2
"E05000499",99.9999999999982,0,31.3723529435992,99.9999999999982,31.3723529435992,2
"E05000500",29.4725450813238,0,49.7054940396299,73.5668649104378,5.61117421051597,2
"E05000501",97.7036281689047,0,0,97.7036281689047,0,1
"E05000502",79.3639555986808,0,0,79.3639555986808,0,1
"E05000503",25.0436810086288,0,14.7651636430903,39.8088446517191,0,2
"E05000504",1.00130873953519,0,59.675819481793,59.675819481793,1.00130873953519,2
"E05000505",97.6976700956968,88.696472258327,0,97.6976700956968,88.696472258327,2
"E05000506",41.8923671149607,0,1.51529757049432,43.407664685455,0,2
"E05000507",75.7936502157057,0,22.0669620810169,77.258121489078,20.6024908076446,2
"E05000508",89.1767558069581,13.7955755601958,0,89.1767558069581,13.7955755601958,2
"E05000509",24.0135849267964,0,0,24.0135849267964,0,1
"E05000510",66.8304006049004,11.8187038707791,0,77.0401116523435,1.60899282333601,2
"E05000511",44.2742720736008,0,99.1388571028019,99.9999999999907,43.4131291764121,2
"E05000512",58.7011678844745,83.3294718085495,0,84.3554529065257,57.6751867864983,2
"E05000513",96.8046135991663,0,40.8845504238534,96.8046135991663,40.8845504238534,2
"E05000514",99.9999999999879,0,0,99.9999999999879,0,1
"E05000515",94.8808482564928,0,29.660975666309,97.0859819753374,27.4558419474644,2
"E05000516",94.7924198920763,0,91.884817837582,99.9999999999948,86.6772377296636,2
"E05000517",36.0774743982445,0,0,36.0774743982445,0,1
"E05000518",99.9998811923077,0,69.0450333927067,99.9999999999965,69.0449145850179,2
"E05000519",33.5056726442062,0,0.389702949948066,33.5056726442062,0.389702949948067,2
"E05000520",10.6738904490593,0,35.1795891615865,44.8550870525298,0.998392558116038,2
"E05000521",93.2317807753403,0,0,93.2317807753403,0,1
"E05000522",49.5587482903054,0,14.470496818069,60.030731787872,3.99851332050244,2
"E05000523",100.000000000004,0,0,100.000000000004,0,1
"E05000524",99.7008927153755,0,0,99.7008927153755,0,1
"E05000525",99.0927264832264,0,63.9446263996461,99.9999999999976,63.0373528828749,2
"E05000526",99.913166218659,0,0,99.913166218659,0,1
"E05000527",99.9999999999997,83.0571823897363,0,99.9999999999997,83.0571823897363,2
"E05000528",72.3360596579517,0,0,72.3360596579517,0,1
"E05000529",99.5112136884622,1.063069784594,19.4679451368884,100.000000000002,20.0422286099425,3
"E05000530",29.089951376298,0,64.3509642850642,65.3461720379642,28.0947436233981,2
"E05000531",99.9999999999959,5.98803194657396,0,99.9999999999959,5.98803194657397,2
"E05000532",87.3316580345686,0,0.00276021577592722,87.3316580345686,0.00276021577592189,2
"E05000533",99.999999999994,29.3676312528972,0,99.999999999994,29.3676312528972,2
"E05000534",100.000000000016,0,7.73009502272188,100.000000000016,7.73009502272188,2
"E05000535",99.999999999981,0,7.71027657454932,99.999999999981,7.71027657454931,2
"E05000536",99.9999999999996,0,12.8866699748367,99.9999999999996,12.8866699748367,2
"E05000537",99.9999999999982,0,27.5950949427091,99.9999999999982,27.5950949427091,2
"E05000538",99.7940334687069,0,0,99.794033468707,-1.13686837721616e-13,1
"E05000539",90.0604605241655,0,0,90.0604605241655,0,1
"E05000540",100.000000000009,0,75.7698347363699,100.000000000009,75.7698347363699,2
"E05000541",99.9999999999954,0,77.4140137643429,99.9999999999954,77.4140137643429,2
"E05000542",99.9999999999958,0,72.6367152347074,99.9999999999958,72.6367152347074,2
"E05000543",100.000000000026,19.3066007181295,39.0628778557806,100.000000000026,58.3694785739101,3
"E05000544",99.9999999999953,0,85.7634193961121,99.9999999999953,85.7634193961121,2
"E05000545",85.6300580835042,0,0,85.6300580835042,0,1
"E05000546",100.000000000001,0,38.2078503435361,100.000000000001,38.2078503435361,2
"E05000547",71.9072363578063,0,0,71.9072363578063,0,1
"E05000548",100.000000000007,19.6321670112807,30.141669555226,100.000000000007,49.7738365665066,3
"E05000549",98.5614983560757,100.000000000014,0.393221947766057,100.000000000014,98.9547203038418,3
"E05000550",99.9999999999997,19.2505252924728,96.6760220408476,99.9999999999997,115.92654733332,3
"E05000551",99.9925004058828,0,0,99.9925004058828,0,1
"E05000552",100.000000000013,83.8481403557222,0,100.000000000013,83.8481403557222,2
"E05000553",100.000000000007,0,0,100.000000000007,0,1
"E05000554",75.3495008209508,0,0,75.3495008209508,0,1
"E05000555",7.09565355226624,0,0,7.09565355226624,0,1
"E05000556",28.237810668566,5.22635564455076,0,30.2835974371301,3.18056887598669,2
"E05000557",49.0451087804669,0,0,49.0451087804669,0,1
"E05000558",83.7996871590528,0,0,83.7996871590528,0,1
"E05000559",15.6113996052467,0,3.79331839970305,18.2023179545383,1.20240005041147,2
"E05000560",46.1194500900377,4.94291584104951,0,46.1194500900377,4.9429158410495,2
"E05000561",73.7839274942272,13.9590723287866,0,73.7839274942272,13.9590723287866,2
"E05000562",61.298691131524,9.9478302750282,0,61.298691131524,9.94783027502821,2
"E05000563",87.5421738088537,97.597312179789,0,97.597312179789,87.5421738088538,2
"E05000564",100.000000000001,19.8220332408344,0,100.000000000001,19.8220332408344,2
"E05000565",99.999999999997,66.9384788168082,0,99.999999999997,66.9384788168082,2
"E05000566",100.000000000012,0,0,100.000000000012,0,1
"E05000567",100,30.3715786157891,0,100,30.3715786157891,2
"E05000568",27.3682478477999,0,0,27.3682478477999,0,1
"E05000569",67.8078412049306,0,0,67.8078412049306,0,1
"E05000570",94.7725938856121,0,0,94.7725938856121,0,1
"E05000571",0,0,0,0,0,0
"E05000572",95.5698613368598,7.86523564039828,0,95.5914950079017,7.84360196935634,2
"E05000573",100.000000000002,0,22.4252405749105,100.000000000002,22.4252405749105,2
"E05000574",99.9999999999936,0,0,99.9999999999936,0,1
"E05000575",100.000000000018,0,0,100.000000000018,0,1
"E05000576",99.9999999999939,0,41.4044912133788,99.9999999999939,41.4044912133788,2
"E05000577",100.000000000001,0,44.6956398268256,100.000000000001,44.6956398268257,2
"E05000578",100.000000000011,0,95.8242572840441,100.000000000011,95.8242572840441,2
"E05000579",99.9999999999927,0,28.5947311252143,99.9999999999927,28.5947311252143,2
"E05000580",99.9999999999999,0,0,99.9999999999999,0,1
"E05000581",99.9999999999945,0,0,99.9999999999945,0,1
"E05000582",100.000000000003,0,22.1939524031902,100.000000000003,22.1939524031902,2
"E05000583",99.9999999999933,0,0,99.9999999999933,0,1
"E05000584",100.000000000007,0,0,100.000000000007,0,1
"E05000585",100.000000000008,0,0,100.000000000008,0,1
"E05000586",99.9999999999893,0,0,99.9999999999893,0,1
"E05000587",99.9999999999984,0,0,99.9999999999984,0,1
"E05000588",99.999999999995,0,0,99.999999999995,0,1
"E05000589",99.9999999999943,0,0,99.9999999999943,0,1
"E05000590",99.9999999999981,0,15.7297270834534,99.9999999999981,15.7297270834534,2
"E05000591",100.000000000009,0,9.11698819725356,100.000000000009,9.11698819725356,2
"E05000592",86.5748203157284,0,33.8197826572425,99.9999999999979,20.3946029729729,2
"E05000593",79.7403182696755,0,0,79.7403182696755,0,1
"E05000594",84.2458644961952,0,0,84.2458644961952,0,1
"E05000595",99.9544699010853,0,94.9887190352608,99.9748777431488,94.9683111931974,2
"E05000596",100.000000000009,0,46.1194851569206,100.000000000009,46.1194851569205,2
"E05000597",86.5369784217989,0,67.9902678018964,100.000000000006,54.5272462236896,2
"E05000598",74.3943870868595,0,38.8425853077575,83.2507591817639,29.9862132128531,2
"E05000599",90.3401652630084,0,11.9580116656783,90.8688784617963,11.4292984668904,2
"E05000600",70.5357456867903,17.7999276745571,0,77.1113445207019,11.2243288406454,2
"E05000601",99.9999999999966,0,61.7829480860492,99.9999999999966,61.7829480860492,2
"E05000602",95.1771693474161,0,73.7305910252406,99.9999999999977,68.907760372659,2
"E05000603",82.261449133764,0,29.9907693081681,82.261449133764,29.9907693081681,2
"E05000604",99.544473042845,0,32.7628959661499,99.544473042845,32.7628959661499,2
"E05000605",97.886502416582,0,100.000000000002,100.000000000002,97.886502416582,2
"E05000606",97.9790013179304,0,47.3838874624738,97.9790013179304,47.3838874624738,2
"E05000607",91.4158781173086,10.5104700925237,11.3509810467648,96.6458229895962,16.6315062670008,3
"E05000608",100.000000000007,0,0,100.000000000007,0,1
"E05000609",97.5343909679207,0,18.7410283915026,97.5343909679207,18.7410283915026,2
"E05000610",77.4337919408955,0,97.9330848058316,99.7371280135262,75.6297487332009,2
"E05000611",100.000000000007,13.3612406945751,0.0536522013949069,100.000000000007,13.41489289597,3
"E05000612",99.999999999987,0,0,99.999999999987,0,1
"E05000613",100.000000000006,0,0,100.000000000006,0,1
"E05000614",99.999999999995,0,0,99.999999999995,0,1
"E05000615",85.5895488556387,67.1514886461434,0,99.9999999999955,52.7410375017866,2
"E05000616",100.000000000016,0,0,100.000000000016,0,1
"E05000617",99.9999999999992,0,0,99.9999999999992,0,1
"E05000618",99.2030145824639,0,29.7684344881292,100.000000000007,28.9714490705861,2
"E05000619",98.6858804764773,0,42.8811769063659,98.6858804764773,42.8811769063659,2
"E05000620",100.000000000006,0,4.00534938324993,100.000000000006,4.00534938324992,2
"E05000621",43.9422034578835,0,0.114133393291953,43.9422034578835,0.114133393291951,2
"E05000622",99.9999999999953,0,0,99.9999999999953,0,1
"E05000623",99.9999999999994,0,13.9446010029123,99.9999999999994,13.9446010029123,2
"E05000624",100.000000000002,0,0,100.000000000002,0,1
"E05000625",99.9999999999975,0,21.5822065663961,99.9999999999975,21.5822065663961,2
"E05000626",99.9999999999987,0,0,99.9999999999987,0,1
"E05000627",94.6444922295442,0,0,94.6444922295442,0,1
"E05000628",100.000000000001,0,0,100.000000000001,0,1
"E05000629",93.9012583286825,0,1.5108873188249,93.9012583286825,1.5108873188249,2
"E05000630",100.000000000005,0,0,100.000000000005,0,1
"E05000631",99.9999999999983,0,0,99.9999999999983,0,1
"E05000632",99.9999999999924,0,0,99.9999999999924,0,1
"E05000633",99.999999999996,0,0,99.999999999996,0,1
"E05000634",100.000000000027,0,0,100.000000000027,0,1
"E05000635",100.000000000009,0,0,100.000000000009,0,1
"E05000636",100.000000000009,0,0,100.000000000009,0,1
"E05000637",90.1250634052709,0,0,90.1250634052709,0,1
"E05000638",100.00000000001,0,0,100.00000000001,0,1
"E05000639",100.000000000001,0,0,100.000000000001,0,1
"E05000640",99.9999999999728,0,0,99.9999999999728,0,1
"E05000641",100.000000000005,0,0,100.000000000005,0,1
"E05000642",100.000000000003,0,0,100.000000000003,0,1
"E05000643",99.9999999999929,0,0,99.9999999999929,0,1
"E05000644",99.9999999999962,0,0.626669227433721,99.9999999999962,0.626669227433723,2
"E05000645",100.000000000001,0,22.4511890966446,100.000000000001,22.4511890966446,2
"E05000646",99.9999999999923,0,38.2686761879211,99.9999999999923,38.2686761879211,2
"E05000647",99.9999999999994,0,0,99.9999999999994,0,1
"E05000648",100.000000000003,0,0,100.000000000003,0,1
"E05000649",99.9999999999957,0,0,99.9999999999957,0,1
