MSOA11CD,express_coverage,superstore_coverage,extra_coverage,total_coverage,overlap_index,unique_types
E02000001,100.0,100.0,100.0,100.0,200.0,3.0
E02000002,100.0,100.0,100.0,100.0,200.0,3.0
E02000003,100.0,100.0,100.0,100.0,200.0,3.0
E02000004,99.99999999999999,99.99999999999999,99.99999999999999,99.99999999999999,199.99999999999997,3.0
E02000005,100.00000000000001,100.00000000000001,100.00000000000001,100.00000000000001,200.00000000000003,3.0
E02000007,99.99999999999999,99.99999999999999,99.99999999999999,99.99999999999999,199.99999999999997,3.0
E02000008,99.99999999999999,99.99999999999999,99.99999999999999,99.99999999999999,199.99999999999997,3.0
E02000009,100.0,100.0,100.0,100.0,200.0,3.0
E02000010,100.0,100.0,100.0,100.0,200.0,3.0
E02000011,100.0,100.0,100.0,100.0,200.0,3.0
E02000012,100.0,100.0,100.0,100.0,200.0,3.0
E02000013,100.00000000000001,100.00000000000001,100.00000000000001,100.00000000000001,200.00000000000003,3.0
E02000014,100.0,100.0,100.0,100.0,200.0,3.0
E02000015,100.0,100.0,100.0,100.0,200.0,3.0
E02000016,100.0,100.0,100.0,100.0,200.0,3.0
E02000017,99.99999999999999,99.99999999999999,99.99999999999999,99.99999999999999,199.99999999999997,3.0
E02000018,100.0,100.0,100.0,100.0,200.0,3.0
E02000019,99.99999999999999,99.99999999999999,99.99999999999999,99.99999999999999,199.99999999999997,3.0
E02000020,100.0,100.0,100.0,100.0,200.0,3.0
E02000021,100.0,100.0,100.0,100.0,200.0,3.0
E02000022,99.99999999999999,99.99999999999999,99.99999999999999,99.99999999999999,199.99999999999997,3.0
E02000023,99.99999999999999,99.99999999999999,99.99999999999999,99.99999999999999,199.99999999999997,3.0
E02000024,100.00000000000001,100.00000000000001,39.86107420879369,100.00000000000001,139.8610742087937,2.8333333333333335
E02000025,99.99999999999999,99.99999999999999,58.42578767109349,99.99999999999999,158.42578767109347,3.0
E02000026,100.00000000000003,100.00000000000003,97.2969742922281,100.00000000000003,197.2969742922281,3.0
E02000027,100.0,100.0,100.0,100.0,200.0,3.0
E02000028,100.0,100.0,100.0,100.0,200.0,3.0
E02000029,100.00000000000001,100.00000000000001,100.00000000000001,100.00000000000001,200.00000000000003,3.0
E02000030,99.99999999999999,99.99999999999999,97.56450997368245,99.99999999999999,197.56450997368245,3.0
E02000031,100.00000000000001,100.00000000000001,100.00000000000001,100.00000000000001,200.00000000000003,3.0
E02000032,100.0,100.0,100.0,100.0,200.0,3.0
E02000033,100.0,100.0,100.0,100.0,200.0,3.0
E02000034,100.0,100.0,100.0,100.0,200.0,3.0
E02000035,99.99999999999997,99.99999999999997,99.99999999999997,99.99999999999997,199.99999999999994,3.0
E02000036,99.99999999999999,99.99999999999999,99.99999999999999,99.99999999999999,199.99999999999997,3.0
E02000037,99.99999999999997,99.99999999999997,99.99999999999997,99.99999999999997,199.99999999999994,3.0
E02000038,100.0,100.0,100.0,100.0,200.0,3.0
E02000039,100.0,100.0,100.0,100.0,200.0,3.0
E02000040,100.0,100.0,100.0,100.0,200.0,3.0
E02000041,100.00000000000001,100.00000000000001,100.00000000000001,100.00000000000001,200.00000000000003,3.0
E02000042,100.0,100.0,100.0,100.0,200.0,3.0
E02000043,99.99999999999999,99.99999999999999,99.99999999999999,99.99999999999999,199.99999999999997,3.0
E02000044,100.00000000000001,100.00000000000001,100.00000000000001,100.00000000000001,200.00000000000003,3.0
E02000045,99.99999999999999,99.99999999999999,99.99999999999999,99.99999999999999,199.99999999999997,3.0
E02000046,100.00000000000001,100.00000000000001,100.00000000000001,100.00000000000001,200.00000000000003,3.0
E02000047,99.99999999999999,99.99999999999999,99.99999999999999,99.99999999999999,199.99999999999997,3.0
E02000048,100.0,100.0,100.0,100.0,200.0,3.0
E02000049,100.00000000000001,100.00000000000001,100.00000000000001,100.00000000000001,200.00000000000003,3.0
E02000050,100.00000000000001,100.00000000000001,100.00000000000001,100.00000000000001,200.00000000000003,3.0
E02000051,100.00000000000001,100.00000000000001,100.00000000000001,100.00000000000001,200.00000000000003,3.0
E02000052,100.00000000000001,100.00000000000001,100.00000000000001,100.00000000000001,200.00000000000003,3.0
E02000053,99.99999999999999,99.99999999999999,99.99999999999999,99.99999999999999,199.99999999999997,3.0
E02000054,100.0,100.0,100.0,100.0,200.0,3.0
E02000055,99.99999999999999,99.99999999999999,99.99999999999999,99.99999999999999,199.99999999999997,3.0
E02000056,100.0,100.0,100.0,100.0,200.0,3.0
E02000057,100.0,100.0,100.0,100.0,200.0,3.0
E02000058,99.99999999999999,99.99999999999999,99.99999999999999,99.99999999999999,199.99999999999997,3.0
E02000059,100.0,100.0,100.0,100.0,200.0,3.0
E02000060,99.99999999999999,99.99999999999999,99.99999999999999,99.99999999999999,199.99999999999997,3.0
E02000061,99.99999999999999,99.99999999999999,99.99999999999999,99.99999999999999,199.99999999999997,3.0
E02000062,100.0,100.0,100.0,100.0,200.0,3.0
E02000063,100.0,100.0,100.0,100.0,200.0,3.0
E02000064,100.0,100.0,100.0,100.0,200.0,3.0
E02000065,100.0,100.0,100.0,100.0,200.0,3.0
E02000066,100.0,100.0,100.0,100.0,200.0,3.0
E02000067,99.99999999999999,99.99999999999999,99.99999999999999,99.99999999999999,199.99999999999997,3.0
E02000068,100.0,84.7278026885133,100.0,100.0,184.7278026885133,3.0
E02000069,100.0,99.98799502774112,100.0,100.0,199.98799502774114,3.0
E02000070,100.00000000000001,100.00000000000001,100.00000000000001,100.00000000000001,200.00000000000003,3.0
E02000071,99.99999999999999,99.99999999999999,99.99999999999999,99.99999999999999,199.99999999999997,3.0
E02000072,99.99999999999997,0.0,67.27048025705105,99.99999999999997,67.27048025705105,2.0
E02000073,99.99999999999999,99.99999999999999,99.99999999999999,99.99999999999999,199.99999999999997,3.0
E02000074,100.0,28.924848397079238,100.0,100.0,128.92484839707924,2.75
E02000075,100.0,100.0,100.0,100.0,200.0,3.0
E02000077,99.99999999999999,99.99999999999999,99.99999999999999,99.99999999999999,199.99999999999997,3.0
E02000078,100.00000000000001,60.4465734851261,100.00000000000001,100.00000000000001,160.44657348512612,3.0
E02000079,100.0,100.0,100.0,100.0,200.0,3.0
E02000080,100.00000000000003,100.00000000000003,100.00000000000003,100.00000000000003,200.00000000000006,3.0
E02000081,100.0,72.51269659067307,100.0,100.0,172.51269659067307,3.0
E02000082,100.0,100.0,100.0,100.0,200.0,3.0
E02000083,100.00000000000003,0.0,72.49569452336917,100.00000000000003,72.49569452336917,2.0
E02000084,100.00000000000001,100.00000000000001,100.00000000000001,100.00000000000001,200.00000000000003,3.0
E02000085,100.0,100.0,100.0,100.0,200.0,3.0
E02000086,100.0,100.0,100.0,100.0,200.0,3.0
E02000087,100.00000000000003,55.11799262393422,100.00000000000003,100.00000000000003,155.1179926239342,2.8
E02000088,99.99999999999999,99.99999999999999,99.99999999999999,99.99999999999999,199.99999999999997,3.0
E02000089,100.0,100.0,100.0,100.0,200.0,3.0
E02000090,100.0,100.0,100.0,100.0,200.0,3.0
E02000091,100.00000000000001,100.00000000000001,100.00000000000001,100.00000000000001,200.00000000000003,3.0
E02000092,100.00000000000001,57.377825522837455,97.72927789410656,100.00000000000001,155.107103416944,3.0
E02000093,100.0,100.0,100.0,100.0,200.0,3.0
E02000094,100.0,100.0,100.0,100.0,200.0,3.0
E02000095,100.00000000000001,100.00000000000001,100.00000000000001,100.00000000000001,200.00000000000003,3.0
E02000096,100.0,100.0,100.0,100.0,200.0,3.0
E02000097,100.0,100.0,100.0,100.0,200.0,3.0
E02000098,100.00000000000001,100.00000000000001,100.00000000000001,100.00000000000001,200.00000000000003,3.0
E02000099,99.99999999999999,99.99999999999999,99.99999999999999,99.99999999999999,199.99999999999997,3.0
E02000100,99.99999999999999,99.99999999999999,99.99999999999999,99.99999999999999,199.99999999999997,3.0
E02000101,100.0,100.0,100.0,100.0,200.0,3.0
E02000102,100.00000000000001,100.00000000000001,100.00000000000001,100.00000000000001,200.00000000000003,3.0
E02000103,99.99999999999999,99.99999999999999,99.99999999999999,99.99999999999999,199.99999999999997,3.0
E02000104,100.0,100.0,100.0,100.0,200.0,3.0
E02000105,100.0,100.0,100.0,100.0,200.0,3.0
E02000106,99.99999999999999,99.99999999999999,99.99999999999999,99.99999999999999,199.99999999999997,3.0
E02000107,100.00000000000001,100.00000000000001,100.00000000000001,100.00000000000001,200.00000000000003,3.0
E02000108,99.99999999999999,99.99999999999999,99.99999999999999,99.99999999999999,199.99999999999997,3.0
E02000109,99.99999999999999,99.99999999999999,99.99999999999999,99.99999999999999,199.99999999999997,3.0
E02000110,100.0,100.0,100.0,100.0,200.0,3.0
E02000111,100.0,100.0,100.0,100.0,200.0,3.0
E02000112,100.0,100.0,100.0,100.0,200.0,3.0
E02000113,99.99999999999999,99.99999999999999,99.99999999999999,99.99999999999999,199.99999999999997,3.0
E02000114,99.99999999999999,99.99999999999999,99.99999999999999,99.99999999999999,199.99999999999997,3.0
E02000115,100.00000000000001,100.00000000000001,100.00000000000001,100.00000000000001,200.00000000000003,3.0
E02000116,100.0,100.0,100.0,100.0,200.0,3.0
E02000117,100.0,100.0,100.0,100.0,200.0,3.0
E02000118,99.99999999999999,99.99999999999999,99.99999999999999,99.99999999999999,199.99999999999997,3.0
E02000119,100.0,100.0,100.0,100.0,200.0,3.0
E02000120,100.0,100.0,100.0,100.0,200.0,3.0
E02000121,100.00000000000001,100.00000000000001,100.00000000000001,100.00000000000001,200.00000000000003,3.0
E02000122,99.99999999999997,99.99999999999997,99.99999999999997,99.99999999999997,199.99999999999994,3.0
E02000123,100.0,100.0,100.0,100.0,200.0,3.0
E02000124,99.99999999999999,99.99999999999999,99.99999999999999,99.99999999999999,199.99999999999997,3.0
E02000125,100.0,100.0,100.0,100.0,200.0,3.0
E02000126,100.0,100.0,100.0,100.0,200.0,3.0
E02000127,100.00000000000001,100.00000000000001,100.00000000000001,100.00000000000001,200.00000000000003,3.0
E02000128,100.0,100.0,100.0,100.0,200.0,3.0
E02000130,99.99999999999999,99.99999999999999,99.99999999999999,99.99999999999999,199.99999999999997,3.0
E02000131,100.0,100.0,100.0,100.0,200.0,3.0
E02000132,100.0,100.0,100.0,100.0,200.0,3.0
E02000133,99.99999999999999,99.99999999999999,99.99999999999999,99.99999999999999,199.99999999999997,3.0
E02000134,100.00000000000001,100.00000000000001,100.00000000000001,100.00000000000001,200.00000000000003,3.0
E02000135,99.99999999999999,99.99999999999999,99.99999999999999,99.99999999999999,199.99999999999997,3.0
E02000136,100.00000000000001,95.54510752692572,100.00000000000001,100.00000000000001,195.54510752692573,3.0
E02000137,100.0,100.0,100.0,100.0,200.0,3.0
E02000138,100.00000000000003,100.00000000000003,100.00000000000003,100.00000000000003,200.00000000000006,3.0
E02000139,100.00000000000001,100.00000000000001,100.00000000000001,100.00000000000001,200.00000000000003,3.0
E02000140,100.00000000000001,56.670802248252436,100.00000000000001,100.00000000000001,156.67080224825244,2.8
E02000141,100.0,100.0,100.0,100.0,200.0,3.0
E02000142,100.00000000000001,100.00000000000001,100.00000000000001,100.00000000000001,200.00000000000003,3.0
E02000144,100.0,100.0,100.0,100.0,200.0,3.0
E02000145,66.7228468934097,6.028285474879277,42.33007981606489,66.7228468934097,48.35836529094416,2.2
E02000146,100.0,100.0,100.0,100.0,200.0,3.0
E02000147,99.99999999999999,99.99999999999999,99.99999999999999,99.99999999999999,199.99999999999997,3.0
E02000148,99.99999999999999,76.37850954712539,99.99999999999999,99.99999999999999,176.37850954712536,3.0
E02000149,100.00000000000001,0.0,100.00000000000001,100.00000000000001,100.00000000000001,2.0
E02000150,100.0,100.0,100.0,100.0,200.0,3.0
E02000151,100.0,8.877641552255948,100.0,100.0,108.87764155225595,2.4
E02000152,100.00000000000001,68.15647032033043,100.00000000000001,100.00000000000001,168.15647032033044,3.0
E02000153,100.0,100.0,100.0,100.0,200.0,3.0
E02000154,100.00000000000001,0.0,100.00000000000001,100.00000000000001,100.00000000000001,2.0
E02000155,95.28106461160095,0.0,75.80988640308891,95.28106461160095,75.80988640308891,2.0
E02000156,100.00000000000001,100.00000000000001,100.00000000000001,100.00000000000001,200.00000000000003,3.0
E02000157,100.0,0.0,100.0,100.0,100.0,2.0
E02000158,76.17715876671406,0.0,21.142785830765813,76.17715876671406,21.142785830765813,1.8
E02000159,100.0,1.1250853280817803,88.52362597053876,100.0,89.64871129862054,2.25
E02000160,100.0,36.86889440442323,99.04576030381827,100.0,135.91465470824147,3.0
E02000161,100.0,0.0,56.68223423535615,100.0,56.68223423535615,2.0
E02000162,82.23367801762282,0.0,13.320466631181134,82.23367801762282,13.320466631181134,1.75
E02000163,13.050233848154475,0.0,0.009818682699390312,13.050233848154475,0.009818682699390312,1.0
E02000165,68.16697511207784,0.0,0.5268824891605994,68.16697511207784,0.5268824891605994,1.1111111111111112
E02000166,100.0,100.0,100.0,100.0,200.0,3.0
E02000167,100.00000000000001,100.00000000000001,100.00000000000001,100.00000000000001,200.00000000000003,3.0
E02000168,100.0,100.0,100.0,100.0,200.0,3.0
E02000169,100.00000000000001,100.00000000000001,100.00000000000001,100.00000000000001,200.00000000000003,3.0
E02000170,99.99999999999999,99.99999999999999,99.99999999999999,99.99999999999999,199.99999999999997,3.0
E02000171,100.0,100.0,100.0,100.0,200.0,3.0
E02000172,100.00000000000003,100.00000000000003,100.00000000000003,100.00000000000003,200.00000000000006,3.0
E02000173,100.0,100.0,100.0,100.0,200.0,3.0
E02000174,100.00000000000001,100.00000000000001,100.00000000000001,100.00000000000001,200.00000000000003,3.0
E02000175,100.0,100.0,100.0,100.0,200.0,3.0
E02000176,99.99999999999999,99.99999999999999,99.99999999999999,99.99999999999999,199.99999999999997,3.0
E02000177,100.0,100.0,100.0,100.0,200.0,3.0
E02000178,100.0,100.0,100.0,100.0,200.0,3.0
E02000179,100.00000000000001,100.00000000000001,100.00000000000001,100.00000000000001,200.00000000000003,3.0
E02000180,100.0,100.0,100.0,100.0,200.0,3.0
E02000181,100.0,100.0,100.0,100.0,200.0,3.0
E02000182,100.00000000000003,100.00000000000003,100.00000000000003,100.00000000000003,200.00000000000006,3.0
E02000183,100.0,100.0,100.0,100.0,200.0,3.0
E02000184,100.00000000000001,100.00000000000001,100.00000000000001,100.00000000000001,200.00000000000003,3.0
E02000185,100.0,100.0,100.0,100.0,200.0,3.0
E02000186,100.0,100.0,100.0,100.0,200.0,3.0
E02000187,100.0,100.0,100.0,100.0,200.0,3.0
E02000188,99.99999999999999,99.99999999999999,99.99999999999999,99.99999999999999,199.99999999999997,3.0
E02000189,99.99999999999999,99.99999999999999,99.99999999999999,99.99999999999999,199.99999999999997,3.0
E02000190,100.00000000000001,100.00000000000001,100.00000000000001,100.00000000000001,200.00000000000003,3.0
E02000191,100.0,100.0,100.0,100.0,200.0,3.0
E02000192,100.0,100.0,100.0,100.0,200.0,3.0
E02000193,100.00000000000001,100.00000000000001,100.00000000000001,100.00000000000001,200.00000000000003,3.0
E02000194,99.99999999999999,99.99999999999999,99.99999999999999,99.99999999999999,199.99999999999997,3.0
E02000195,100.00000000000001,100.00000000000001,100.00000000000001,100.00000000000001,200.00000000000003,3.0
E02000196,100.0,100.0,100.0,100.0,200.0,3.0
E02000197,100.00000000000001,100.00000000000001,100.00000000000001,100.00000000000001,200.00000000000003,3.0
E02000198,100.0,100.0,100.0,100.0,200.0,3.0
E02000199,99.99999999999999,99.99999999999999,99.99999999999999,99.99999999999999,199.99999999999997,3.0
E02000200,100.0,100.0,100.0,100.0,200.0,3.0
E02000201,99.99999999999999,99.99999999999999,99.99999999999999,99.99999999999999,199.99999999999997,3.0
E02000202,99.99999999999999,99.99999999999999,99.99999999999999,99.99999999999999,199.99999999999997,3.0
E02000203,99.99999999999999,99.99999999999999,99.99999999999999,99.99999999999999,199.99999999999997,3.0
E02000204,100.0,100.0,100.0,100.0,200.0,3.0
E02000206,99.99999999999999,99.99999999999999,99.99999999999999,99.99999999999999,199.99999999999997,3.0
E02000207,100.00000000000001,100.00000000000001,100.00000000000001,100.00000000000001,200.00000000000003,3.0
E02000208,99.99999999999999,99.99999999999999,99.99999999999999,99.99999999999999,199.99999999999997,3.0
E02000209,99.99999999999999,99.99999999999999,99.99999999999999,99.99999999999999,199.99999999999997,3.0
E02000210,100.0,100.0,100.0,100.0,200.0,3.0
E02000211,100.0,100.0,100.0,100.0,200.0,3.0
E02000212,100.0,100.0,100.0,100.0,200.0,3.0
E02000213,100.0,100.0,100.0,100.0,200.0,3.0
E02000214,100.0,100.0,100.0,100.0,200.0,3.0
E02000215,99.99999999999997,99.99999999999997,99.99999999999997,99.99999999999997,199.99999999999994,3.0
E02000216,100.0,100.0,100.0,100.0,200.0,3.0
E02000217,100.0,100.0,100.0,100.0,200.0,3.0
E02000218,100.0,100.0,100.0,100.0,200.0,3.0
E02000219,100.0,99.90293725839791,100.0,100.0,199.9029372583979,3.0
E02000220,99.99999999999999,99.99999999999999,99.99999999999999,99.99999999999999,199.99999999999997,3.0
E02000221,100.00000000000001,100.00000000000001,100.00000000000001,100.00000000000001,200.00000000000003,3.0
E02000222,100.00000000000001,100.00000000000001,100.00000000000001,100.00000000000001,200.00000000000003,3.0
E02000223,99.99999999999999,17.889239995672316,99.99999999999999,99.99999999999999,117.88923999567231,2.6
E02000224,99.99999999999999,99.99999999999999,99.99999999999999,99.99999999999999,199.99999999999997,3.0
E02000225,100.0,0.0,67.47461050913762,100.0,67.47461050913762,2.0
E02000226,100.00000000000001,91.17850126465899,100.00000000000001,100.00000000000001,191.17850126465905,3.0
E02000227,100.00000000000001,22.600652513876422,71.75829402450861,100.00000000000001,94.35894653838504,2.5
E02000228,100.0,75.55160165312715,87.54357911366395,100.0,163.0951807667911,3.0
E02000229,100.00000000000001,0.0,0.0,100.00000000000001,0.0,1.0
E02000230,100.0,100.0,99.78994436185242,100.0,199.7899443618524,3.0
E02000231,99.99999999999999,99.99999999999999,66.84647528578304,99.99999999999999,166.84647528578304,2.8
E02000232,100.00000000000001,0.3689795380452935,11.246294139051754,100.00000000000001,11.615273677097047,1.5
E02000233,99.99999999999999,24.514916259204295,12.46601773889144,99.99999999999999,36.98093399809573,2.5
E02000234,100.0,54.67127715714187,8.79799320451109,100.0,63.469270361652974,2.4
E02000235,92.79203479071,6.630417555491961,5.99324136795182,92.79203479071,12.62365892344378,1.5
E02000236,49.366462154088,36.39388041200967,0.0,49.54838797238829,36.211954593709386,1.8
E02000237,21.615379037169838,0.0,0.0,21.615379037169838,0.0,0.6
E02000238,100.00000000000001,100.00000000000001,100.00000000000001,100.00000000000001,200.00000000000003,3.0
E02000239,99.99999999999999,99.99999999999999,99.99999999999999,99.99999999999999,199.99999999999997,3.0
E02000240,99.99999999999999,99.99999999999999,99.99999999999999,99.99999999999999,199.99999999999997,3.0
E02000241,99.99999999999999,99.99999999999999,99.99999999999999,99.99999999999999,199.99999999999997,3.0
E02000242,99.99999999999999,99.99999999999999,99.99999999999999,99.99999999999999,199.99999999999997,3.0
E02000243,100.0,100.0,100.0,100.0,200.0,3.0
E02000244,100.0,100.0,100.0,100.0,200.0,3.0
E02000245,100.00000000000001,100.00000000000001,100.00000000000001,100.00000000000001,200.00000000000003,3.0
E02000246,100.00000000000001,100.00000000000001,75.2016740818579,100.00000000000001,175.20167408185793,3.0
E02000247,100.0,100.0,100.0,100.0,200.0,3.0
E02000248,100.0,100.0,100.0,100.0,200.0,3.0
E02000249,99.99999999999999,99.99999999999999,99.99999999999999,99.99999999999999,199.99999999999997,3.0
E02000250,99.99999999999999,99.99999999999999,99.99999999999999,99.99999999999999,199.99999999999997,3.0
E02000251,100.0,100.0,100.0,100.0,200.0,3.0
E02000252,100.0,100.0,100.0,100.0,200.0,3.0
E02000253,100.0,100.0,100.0,100.0,200.0,3.0
E02000254,100.0,100.0,100.0,100.0,200.0,3.0
E02000255,100.0,100.0,100.0,100.0,200.0,3.0
E02000256,100.0,100.0,100.0,100.0,200.0,3.0
E02000257,100.0,100.0,100.0,100.0,200.0,3.0
E02000258,100.00000000000001,100.00000000000001,100.00000000000001,100.00000000000001,200.00000000000003,3.0
E02000259,99.99999999999999,99.99999999999999,99.99999999999999,99.99999999999999,199.99999999999997,3.0
E02000260,100.0,100.0,100.0,100.0,200.0,3.0
E02000261,99.99999999999999,99.99999999999999,99.99999999999999,99.99999999999999,199.99999999999997,3.0
E02000262,99.99999999999999,99.99999999999999,99.99999999999999,99.99999999999999,199.99999999999997,3.0
E02000263,100.0,100.0,100.0,100.0,200.0,3.0
E02000264,100.00000000000001,100.00000000000001,100.00000000000001,100.00000000000001,200.00000000000003,3.0
E02000265,100.0,100.0,100.0,100.0,200.0,3.0
E02000266,100.0,100.0,100.0,100.0,200.0,3.0
E02000267,100.00000000000001,100.00000000000001,100.00000000000001,100.00000000000001,200.00000000000003,3.0
E02000268,99.99999999999999,99.99999999999999,99.99999999999999,99.99999999999999,199.99999999999997,3.0
E02000269,100.0,100.0,100.0,100.0,200.0,3.0
E02000270,100.0,100.0,100.0,100.0,200.0,3.0
E02000271,100.00000000000001,100.00000000000001,100.00000000000001,100.00000000000001,200.00000000000003,3.0
E02000272,100.0,100.0,100.0,100.0,200.0,3.0
E02000274,100.0,100.0,100.0,100.0,200.0,3.0
E02000275,100.0,100.0,100.0,100.0,200.0,3.0
E02000276,100.0,100.0,100.0,100.0,200.0,3.0
E02000277,97.26722603934354,83.8745307217672,0.0,97.26722603934354,83.8745307217672,2.0
E02000278,98.30493290688176,89.93655640738582,0.0,98.30493290688176,89.93655640738582,2.0
E02000279,90.23383094883968,96.81526151141905,0.0,96.9130862431502,90.13600621710853,2.0
E02000280,83.99453469014153,80.92703958865944,2.3649308797690622,83.99453469014153,83.29197046842852,2.1666666666666665
E02000281,100.00000000000001,100.00000000000001,1.1661875008340734,100.00000000000001,101.16618750083407,2.2
E02000282,99.99999999999999,99.99999999999999,1.4187789234242012,99.99999999999999,101.4187789234242,2.2
E02000283,100.00000000000003,100.00000000000003,0.0,100.00000000000003,100.00000000000003,2.0
E02000284,100.00000000000001,100.00000000000001,22.70609196111364,100.00000000000001,122.70609196111364,2.4
E02000285,100.00000000000001,100.00000000000001,34.55842033729049,100.00000000000001,134.5584203372905,2.5
E02000286,100.00000000000001,100.00000000000001,33.854078668579184,100.00000000000001,133.85407866857918,2.8
E02000287,100.0,100.0,42.239484147151636,100.0,142.23948414715164,2.6666666666666665
E02000288,99.99999999999997,99.99999999999997,89.71567112059076,99.99999999999997,189.71567112059074,3.0
E02000289,99.99999999999999,99.99999999999999,64.87328268156924,99.99999999999999,164.87328268156926,3.0
E02000290,100.0,100.0,59.19463653577445,100.0,159.19463653577444,3.0
E02000291,100.00000000000001,100.00000000000001,100.00000000000001,100.00000000000001,200.00000000000003,3.0
E02000292,100.0,100.0,92.10865229884665,100.0,192.10865229884664,3.0
E02000293,100.0,100.0,100.0,100.0,200.0,3.0
E02000294,100.00000000000001,100.00000000000001,100.00000000000001,100.00000000000001,200.00000000000003,3.0
E02000295,100.00000000000001,100.00000000000001,100.00000000000001,100.00000000000001,200.00000000000003,3.0
E02000296,99.99999999999999,99.99999999999999,99.99999999999999,99.99999999999999,199.99999999999997,3.0
E02000297,99.99999999999999,99.99999999999999,99.99999999999999,99.99999999999999,199.99999999999997,3.0
E02000298,100.00000000000001,100.00000000000001,100.00000000000001,100.00000000000001,200.00000000000003,3.0
E02000299,99.99999999999999,99.99999999999999,99.99999999999999,99.99999999999999,199.99999999999997,3.0
E02000300,100.0,100.0,100.0,100.0,200.0,3.0
E02000301,100.0,100.0,100.0,100.0,200.0,3.0
E02000302,100.0,100.0,100.0,100.0,200.0,3.0
E02000303,100.0,100.0,100.0,100.0,200.0,3.0
E02000304,100.0,100.0,100.0,100.0,200.0,3.0
E02000305,99.99999999999999,99.99999999999999,99.99999999999999,99.99999999999999,199.99999999999997,3.0
E02000306,100.0,100.0,100.0,100.0,200.0,3.0
E02000307,100.00000000000001,100.00000000000001,100.00000000000001,100.00000000000001,200.00000000000003,3.0
E02000308,100.0,100.0,100.0,100.0,200.0,3.0
E02000309,100.0,100.0,100.0,100.0,200.0,3.0
E02000311,100.0,100.0,100.0,100.0,200.0,3.0
E02000312,100.0,100.0,100.0,100.0,200.0,3.0
E02000313,100.0,100.0,100.0,100.0,200.0,3.0
E02000314,100.0,100.0,100.0,100.0,200.0,3.0
E02000315,100.00000000000001,100.00000000000001,100.00000000000001,100.00000000000001,200.00000000000003,3.0
E02000316,100.00000000000001,100.00000000000001,100.00000000000001,100.00000000000001,200.00000000000003,3.0
E02000317,100.00000000000001,100.00000000000001,100.00000000000001,100.00000000000001,200.00000000000003,3.0
E02000318,99.99999999999999,99.99999999999999,99.99999999999999,99.99999999999999,199.99999999999997,3.0
E02000319,100.0,100.0,100.0,100.0,200.0,3.0
E02000320,100.00000000000001,100.00000000000001,100.00000000000001,100.00000000000001,200.00000000000003,3.0
E02000321,99.99999999999999,99.99999999999999,99.99999999999999,99.99999999999999,199.99999999999997,3.0
E02000323,100.00000000000001,100.00000000000001,100.00000000000001,100.00000000000001,200.00000000000003,3.0
E02000324,100.0,100.0,100.0,100.0,200.0,3.0
E02000326,100.0,100.0,100.0,100.0,200.0,3.0
E02000327,100.00000000000001,100.00000000000001,100.00000000000001,100.00000000000001,200.00000000000003,3.0
E02000328,100.00000000000001,100.00000000000001,100.00000000000001,100.00000000000001,200.00000000000003,3.0
E02000329,100.0,100.0,100.0,100.0,200.0,3.0
E02000331,100.0,100.0,100.0,100.0,200.0,3.0
E02000332,99.99999999999999,99.99999999999999,99.99999999999999,99.99999999999999,199.99999999999997,3.0
E02000333,100.0,100.0,100.0,100.0,200.0,3.0
E02000334,100.0,100.0,100.0,100.0,200.0,3.0
E02000335,100.0,100.0,100.0,100.0,200.0,3.0
E02000337,99.99999999999999,99.99999999999999,99.99999999999999,99.99999999999999,199.99999999999997,3.0
E02000339,100.00000000000001,100.00000000000001,100.00000000000001,100.00000000000001,200.00000000000003,3.0
E02000340,100.0,100.0,100.0,100.0,200.0,3.0
E02000341,100.0,100.0,100.0,100.0,200.0,3.0
E02000342,100.00000000000003,100.00000000000003,100.00000000000003,100.00000000000003,200.00000000000006,3.0
E02000343,100.0,100.0,100.0,100.0,200.0,3.0
E02000344,99.99999999999999,99.99999999999999,99.99999999999999,99.99999999999999,199.99999999999997,3.0
E02000345,100.0,100.0,100.0,100.0,200.0,3.0
E02000346,100.0,100.0,100.0,100.0,200.0,3.0
E02000347,100.0,100.0,100.0,100.0,200.0,3.0
E02000348,100.0,100.0,100.0,100.0,200.0,3.0
E02000350,100.00000000000001,100.00000000000001,100.00000000000001,100.00000000000001,200.00000000000003,3.0
E02000351,99.99999999999999,99.99999999999999,99.99999999999999,99.99999999999999,199.99999999999997,3.0
E02000352,100.0,100.0,100.0,100.0,200.0,3.0
E02000353,100.0,100.0,100.0,100.0,200.0,3.0
E02000354,100.00000000000001,100.00000000000001,100.00000000000001,100.00000000000001,200.00000000000003,3.0
E02000355,100.0,100.0,100.0,100.0,200.0,3.0
E02000356,100.00000000000001,100.00000000000001,100.00000000000001,100.00000000000001,200.00000000000003,3.0
E02000357,99.99999999999999,99.99999999999999,99.99999999999999,99.99999999999999,199.99999999999997,3.0
E02000358,99.99999999999999,99.99999999999999,99.99999999999999,99.99999999999999,199.99999999999997,3.0
E02000359,100.00000000000001,100.00000000000001,100.00000000000001,100.00000000000001,200.00000000000003,3.0
E02000360,100.0,100.0,100.0,100.0,200.0,3.0
E02000361,100.00000000000001,100.00000000000001,100.00000000000001,100.00000000000001,200.00000000000003,3.0
E02000362,99.99999999999999,99.99999999999999,99.99999999999999,99.99999999999999,199.99999999999997,3.0
E02000363,100.0,100.0,100.0,100.0,200.0,3.0
E02000364,100.0,100.0,100.0,100.0,200.0,3.0
E02000365,100.0,100.0,100.0,100.0,200.0,3.0
E02000366,100.0,100.0,100.0,100.0,200.0,3.0
E02000367,99.99999999999999,99.99999999999999,99.99999999999999,99.99999999999999,199.99999999999997,3.0
E02000368,99.99999999999999,99.99999999999999,99.99999999999999,99.99999999999999,199.99999999999997,3.0
E02000369,99.99999999999999,99.99999999999999,99.99999999999999,99.99999999999999,199.99999999999997,3.0
E02000370,99.99999999999999,99.99999999999999,99.99999999999999,99.99999999999999,199.99999999999997,3.0
E02000371,100.00000000000001,100.00000000000001,100.00000000000001,100.00000000000001,200.00000000000003,3.0
E02000372,100.0,100.0,100.0,100.0,200.0,3.0
E02000373,100.00000000000003,100.00000000000003,100.00000000000003,100.00000000000003,200.00000000000006,3.0
E02000374,100.00000000000001,100.00000000000001,100.00000000000001,100.00000000000001,200.00000000000003,3.0
E02000375,100.0,100.0,100.0,100.0,200.0,3.0
E02000376,99.99999999999999,99.99999999999999,99.99999999999999,99.99999999999999,199.99999999999997,3.0
E02000377,100.0,100.0,100.0,100.0,200.0,3.0
E02000378,100.00000000000001,100.00000000000001,100.00000000000001,100.00000000000001,200.00000000000003,3.0
E02000379,99.99999999999999,99.99999999999999,99.99999999999999,99.99999999999999,199.99999999999997,3.0
E02000380,100.0,100.0,100.0,100.0,200.0,3.0
E02000381,100.0,100.0,100.0,100.0,200.0,3.0
E02000382,99.99999999999999,99.99999999999999,99.99999999999999,99.99999999999999,199.99999999999997,3.0
E02000383,100.0,100.0,100.0,100.0,200.0,3.0
E02000384,99.99999999999999,99.99999999999999,99.99999999999999,99.99999999999999,199.99999999999997,3.0
E02000385,100.0,100.0,100.0,100.0,200.0,3.0
E02000386,100.0,100.0,100.0,100.0,200.0,3.0
E02000387,100.00000000000001,100.00000000000001,100.00000000000001,100.00000000000001,200.00000000000003,3.0
E02000388,99.99999999999999,99.99999999999999,99.99999999999999,99.99999999999999,199.99999999999997,3.0
E02000389,100.0,100.0,100.0,100.0,200.0,3.0
E02000390,100.00000000000001,100.00000000000001,100.00000000000001,100.00000000000001,200.00000000000003,3.0
E02000391,99.99999999999999,99.99999999999999,99.99999999999999,99.99999999999999,199.99999999999997,3.0
E02000392,100.0,100.0,100.0,100.0,200.0,3.0
E02000393,100.0,100.0,100.0,100.0,200.0,3.0
E02000394,99.99999999999997,99.99999999999997,99.99999999999997,99.99999999999997,199.99999999999994,3.0
E02000395,99.99999999999999,99.99999999999999,99.99999999999999,99.99999999999999,199.99999999999997,3.0
E02000396,99.99999999999997,99.99999999999997,99.99999999999997,99.99999999999997,199.99999999999994,3.0
E02000397,100.00000000000001,100.00000000000001,100.00000000000001,100.00000000000001,200.00000000000003,3.0
E02000398,100.0,100.0,100.0,100.0,200.0,3.0
E02000400,100.0,100.0,100.0,100.0,200.0,3.0
E02000401,100.0,100.0,100.0,100.0,200.0,3.0
E02000402,100.00000000000001,100.00000000000001,100.00000000000001,100.00000000000001,200.00000000000003,3.0
E02000403,100.0,100.0,100.0,100.0,200.0,3.0
E02000404,99.99999999999999,99.99999999999999,99.99999999999999,99.99999999999999,199.99999999999997,3.0
E02000405,100.00000000000001,100.00000000000001,100.00000000000001,100.00000000000001,200.00000000000003,3.0
E02000406,99.99999999999999,99.99999999999999,99.99999999999999,99.99999999999999,199.99999999999997,3.0
E02000407,100.00000000000003,100.00000000000003,100.00000000000003,100.00000000000003,200.00000000000006,3.0
E02000408,99.99999999999999,99.99999999999999,99.99999999999999,99.99999999999999,199.99999999999997,3.0
E02000409,100.0,100.0,100.0,100.0,200.0,3.0
E02000410,100.0,100.0,100.0,100.0,200.0,3.0
E02000411,100.00000000000001,100.00000000000001,100.00000000000001,100.00000000000001,200.00000000000003,3.0
E02000412,100.0,100.0,100.0,100.0,200.0,3.0
E02000413,99.99999999999999,99.99999999999999,99.99999999999999,99.99999999999999,199.99999999999997,3.0
E02000414,100.0,100.0,100.0,100.0,200.0,3.0
E02000415,100.0,100.0,100.0,100.0,200.0,3.0
E02000416,100.0,100.0,100.0,100.0,200.0,3.0
E02000417,100.00000000000001,100.00000000000001,100.00000000000001,100.00000000000001,200.00000000000003,3.0
E02000418,100.0,100.0,100.0,100.0,200.0,3.0
E02000419,100.0,100.0,100.0,100.0,200.0,3.0
E02000420,100.0,100.0,100.0,100.0,200.0,3.0
E02000421,100.0,100.0,100.0,100.0,200.0,3.0
E02000422,100.0,100.0,100.0,100.0,200.0,3.0
E02000423,99.99999999999999,99.99999999999999,99.99999999999999,99.99999999999999,199.99999999999997,3.0
E02000424,100.00000000000001,100.00000000000001,100.00000000000001,100.00000000000001,200.00000000000003,3.0
E02000425,100.0,100.0,100.0,100.0,200.0,3.0
E02000426,100.0,100.0,100.0,100.0,200.0,3.0
E02000427,100.00000000000001,100.00000000000001,100.00000000000001,100.00000000000001,200.00000000000003,3.0
E02000428,99.99999999999999,99.99999999999999,99.99999999999999,99.99999999999999,199.99999999999997,3.0
E02000429,100.0,100.0,100.0,100.0,200.0,3.0
E02000430,100.0,100.0,100.0,100.0,200.0,3.0
E02000431,100.0,100.0,100.0,100.0,200.0,3.0
E02000432,99.99999999999999,99.99999999999999,99.99999999999999,99.99999999999999,199.99999999999997,3.0
E02000433,100.00000000000001,100.00000000000001,88.99434946062135,100.00000000000001,188.99434946062138,3.0
E02000434,100.00000000000003,100.00000000000003,100.00000000000003,100.00000000000003,200.00000000000006,3.0
E02000435,99.99999999999999,99.99999999999999,99.99999999999999,99.99999999999999,199.99999999999997,3.0
E02000436,100.00000000000001,100.00000000000001,62.869890939134436,100.00000000000001,162.86989093913445,2.75
E02000437,100.00000000000001,100.00000000000001,100.00000000000001,100.00000000000001,200.00000000000003,3.0
E02000438,99.99999999999999,99.99999999999999,77.17537073818617,99.99999999999999,177.17537073818616,3.0
E02000439,100.0,100.0,100.0,100.0,200.0,3.0
E02000440,100.0,100.0,100.0,100.0,200.0,3.0
E02000441,100.0,100.0,0.0,100.0,100.0,2.0
E02000442,100.0,100.0,100.0,100.0,200.0,3.0
E02000443,100.0,100.0,100.0,100.0,200.0,3.0
E02000444,100.0,100.0,100.0,100.0,200.0,3.0
E02000445,100.00000000000001,100.00000000000001,100.00000000000001,100.00000000000001,200.00000000000003,3.0
E02000447,100.0,100.0,100.0,100.0,200.0,3.0
E02000448,100.00000000000003,100.00000000000003,47.726920731098,100.00000000000003,147.726920731098,3.0
E02000449,100.0,100.0,100.0,100.0,200.0,3.0
E02000451,100.0,100.0,100.0,100.0,200.0,3.0
E02000452,99.99999999999999,99.99999999999999,99.99999999999999,99.99999999999999,199.99999999999997,3.0
E02000453,100.0,100.0,100.0,100.0,200.0,3.0
E02000454,99.99999999999999,99.99999999999999,66.937870788924,99.99999999999999,166.937870788924,3.0
E02000455,100.00000000000001,100.00000000000001,100.00000000000001,100.00000000000001,200.00000000000003,3.0
E02000456,100.0,100.0,100.0,100.0,200.0,3.0
E02000457,100.0,100.0,100.0,100.0,200.0,3.0
E02000459,100.0,100.0,100.0,100.0,200.0,3.0
E02000460,100.0,100.0,100.0,100.0,200.0,3.0
E02000461,100.0,100.0,100.0,100.0,200.0,3.0
E02000462,100.00000000000001,100.00000000000001,100.00000000000001,100.00000000000001,200.00000000000003,3.0
E02000463,100.0,100.0,100.0,100.0,200.0,3.0
E02000464,49.43432921623179,0.0,0.0,49.43432921623179,0.0,1.0
E02000465,90.6437125060291,0.0,0.827898203484416,90.6437125060291,0.827898203484416,1.2
E02000466,100.0,12.716022059847012,24.43846410195546,100.0,37.154486161802474,3.0
E02000467,100.00000000000001,0.0,11.480188362661833,100.00000000000001,11.480188362661833,1.5
E02000468,99.99999999999999,57.96755046138839,52.787137395972266,99.99999999999999,110.75468785736065,3.0
E02000469,100.0,0.0,85.08936551593021,100.0,85.08936551593021,2.0
E02000470,99.9460479018967,0.0,11.272652917031166,99.9460479018967,11.272652917031166,1.6
E02000471,100.00000000000001,50.917680426155016,100.00000000000001,100.00000000000001,150.91768042615502,3.0
E02000472,100.00000000000001,100.00000000000001,100.00000000000001,100.00000000000001,200.00000000000003,3.0
E02000473,100.0,0.0,51.94365248982612,100.0,51.94365248982612,1.8333333333333333
E02000474,100.00000000000001,100.00000000000001,100.00000000000001,100.00000000000001,200.00000000000003,3.0
E02000475,100.0,4.26363203376651,100.0,100.0,104.26363203376651,2.3333333333333335
E02000476,99.99999999999999,99.44129083099816,99.99999999999999,99.99999999999999,199.44129083099816,3.0
E02000477,100.00000000000001,9.16006870795367,100.00000000000001,100.00000000000001,109.16006870795367,2.6666666666666665
E02000478,99.99999999999999,0.0,50.61278199835565,99.99999999999999,50.61278199835565,2.0
E02000479,100.0,97.57469587907019,100.0,100.0,197.5746958790702,3.0
E02000480,100.00000000000001,100.00000000000001,100.00000000000001,100.00000000000001,200.00000000000003,3.0
E02000481,59.262540513585826,0.0,0.0,59.262540513585826,0.0,1.0
E02000482,100.0,0.0,0.0,100.0,0.0,1.0
E02000483,100.0,9.718673968074587,99.67099504297381,100.0,109.38966901104841,2.4
E02000484,99.99999999999999,95.95214043475893,99.99999999999999,99.99999999999999,195.95214043475892,3.0
E02000485,100.00000000000001,0.0,18.22323988737756,100.00000000000001,18.22323988737756,1.6
E02000486,99.99999999999999,67.51955263425629,99.99999999999999,99.99999999999999,167.51955263425626,3.0
E02000487,100.00000000000001,0.12347089706318072,7.686063342183001,100.00000000000001,7.80953423924618,1.4
E02000488,100.0,66.76659958242895,100.0,100.0,166.76659958242894,2.8
E02000489,100.0,98.14419269673,100.0,100.0,198.14419269673,3.0
E02000490,100.00000000000001,100.00000000000001,100.00000000000001,100.00000000000001,200.00000000000003,3.0
E02000491,99.99999999999999,99.99999999999999,99.99999999999999,99.99999999999999,199.99999999999997,3.0
E02000492,100.00000000000001,18.812081295633877,88.48324872407389,100.00000000000001,107.29533001970775,2.75
E02000493,100.0,60.75915705522906,100.0,100.0,160.75915705522905,3.0
E02000494,100.0,100.0,0.0,100.0,100.0,2.0
E02000495,100.00000000000001,100.00000000000001,0.0,100.00000000000001,100.00000000000001,2.0
E02000496,93.44708218639711,93.15740354226473,0.0,93.44708218639711,93.15740354226473,2.0
E02000497,99.99999999999999,99.99999999999999,0.0,99.99999999999999,99.99999999999999,2.0
E02000498,100.00000000000001,100.00000000000001,0.0,100.00000000000001,100.00000000000001,2.0
E02000499,100.00000000000003,100.00000000000003,22.776929079976668,100.00000000000003,122.7769290799767,2.6
E02000500,100.0,100.0,0.0,100.0,100.0,2.0
E02000501,100.0,100.0,36.12710564736645,100.0,136.12710564736645,2.4
E02000502,99.99999999999999,99.99999999999999,0.0,99.99999999999999,99.99999999999999,2.0
E02000503,100.0,100.0,47.51341060760408,100.0,147.51341060760407,2.5714285714285716
E02000504,100.00000000000001,100.00000000000001,0.0,100.00000000000001,100.00000000000001,2.0
E02000506,100.0,100.0,0.0,100.0,100.0,2.0
E02000507,100.00000000000001,100.00000000000001,0.0,100.00000000000001,100.00000000000001,2.0
E02000508,100.0,100.0,0.0,100.0,100.0,2.0
E02000509,94.3039493610286,93.89071727695354,0.0,94.47189511348789,93.72277152449429,2.0
E02000510,99.99999999999997,99.99999999999997,0.0,99.99999999999997,99.99999999999997,2.0
E02000511,99.99999999999999,99.99999999999999,14.145847504958695,99.99999999999999,114.1458475049587,2.6666666666666665
E02000512,99.99999999999997,99.99999999999997,0.0,99.99999999999997,99.99999999999997,2.0
E02000513,100.0,100.0,100.0,100.0,200.0,3.0
E02000514,99.99999999999997,99.99999999999997,94.30470744827308,99.99999999999997,194.30470744827306,3.0
E02000515,88.74122127096324,97.02741617825941,0.0,97.02741617825941,88.74122127096324,2.0
E02000516,99.99999999999999,99.99999999999999,99.99999999999999,99.99999999999999,199.99999999999997,3.0
E02000517,100.0,100.0,0.8762032817748465,100.0,100.87620328177483,2.2
E02000518,99.99999999999999,99.99999999999999,0.0,99.99999999999999,99.99999999999999,2.0
E02000519,99.99999999999999,99.99999999999999,99.99999999999999,99.99999999999999,199.99999999999997,3.0
E02000520,99.99999999999999,99.99999999999999,68.91153613393412,99.99999999999999,168.9115361339341,3.0
E02000521,100.0,100.0,5.291513477867333,100.0,105.29151347786734,2.4
E02000522,96.53236777980479,93.31057066825024,0.0,98.13129823976843,91.71164020828658,2.0
E02000523,100.00000000000001,100.00000000000001,100.00000000000001,100.00000000000001,200.00000000000003,3.0
E02000524,53.843250825008326,37.80998509883291,29.350663550559148,54.387950629734256,66.61594884466612,2.5
E02000525,100.0,100.0,99.70327149181205,100.0,199.70327149181205,3.0
E02000526,100.00000000000003,100.00000000000003,100.00000000000003,100.00000000000003,200.00000000000006,3.0
E02000528,100.0,100.0,100.0,100.0,200.0,3.0
E02000529,100.00000000000001,100.00000000000001,100.00000000000001,100.00000000000001,200.00000000000003,3.0
E02000530,100.00000000000001,100.00000000000001,100.00000000000001,100.00000000000001,200.00000000000003,3.0
E02000531,99.99999999999999,99.99999999999999,99.99999999999999,99.99999999999999,199.99999999999997,3.0
E02000532,100.0,100.0,100.0,100.0,200.0,3.0
E02000533,100.0,100.0,100.0,100.0,200.0,3.0
E02000534,100.00000000000001,100.00000000000001,100.00000000000001,100.00000000000001,200.00000000000003,3.0
E02000535,100.00000000000001,100.00000000000001,100.00000000000001,100.00000000000001,200.00000000000003,3.0
E02000536,100.00000000000003,100.00000000000003,100.00000000000003,100.00000000000003,200.00000000000006,3.0
E02000537,100.0,100.0,100.0,100.0,200.0,3.0
E02000538,99.99999999999999,99.99999999999999,99.99999999999999,99.99999999999999,199.99999999999997,3.0
E02000539,99.99999999999999,99.99999999999999,99.99999999999999,99.99999999999999,199.99999999999997,3.0
E02000540,100.00000000000001,100.00000000000001,100.00000000000001,100.00000000000001,200.00000000000003,3.0
E02000541,99.99999999999997,99.99999999999997,99.99999999999997,99.99999999999997,199.99999999999994,3.0
E02000542,100.0,100.0,100.0,100.0,200.0,3.0
E02000543,99.99999999999999,99.99999999999999,99.99999999999999,99.99999999999999,199.99999999999997,3.0
E02000544,100.00000000000003,100.00000000000003,100.00000000000003,100.00000000000003,200.00000000000006,3.0
E02000545,100.0,100.0,100.0,100.0,200.0,3.0
E02000546,100.0,100.0,100.0,100.0,200.0,3.0
E02000547,99.99999999999999,99.99999999999999,99.99999999999999,99.99999999999999,199.99999999999997,3.0
E02000548,80.546688502021,25.825666531637733,89.11099709707861,89.11099709707861,106.37235503365872,3.0
E02000549,99.99999999999999,99.99999999999999,99.99999999999999,99.99999999999999,199.99999999999997,3.0
E02000550,99.99999999999997,99.99999999999997,99.99999999999997,99.99999999999997,199.99999999999994,3.0
E02000551,100.0,100.0,100.0,100.0,200.0,3.0
E02000552,99.82649223380675,41.05149230732359,96.07566258227621,99.83159540340066,137.12205172000589,3.0
E02000553,99.99999999999999,99.99999999999999,99.99999999999999,99.99999999999999,199.99999999999997,3.0
E02000554,100.0,100.0,100.0,100.0,200.0,3.0
E02000555,99.99999999999999,99.99999999999999,99.99999999999999,99.99999999999999,199.99999999999997,3.0
E02000556,100.00000000000001,100.00000000000001,100.00000000000001,100.00000000000001,200.00000000000003,3.0
E02000557,100.0,100.0,100.0,100.0,200.0,3.0
E02000558,99.99999999999999,99.99999999999999,99.99999999999999,99.99999999999999,199.99999999999997,3.0
E02000559,100.00000000000001,100.00000000000001,100.00000000000001,100.00000000000001,200.00000000000003,3.0
E02000560,100.0,100.0,100.0,100.0,200.0,3.0
E02000561,100.00000000000001,100.00000000000001,100.00000000000001,100.00000000000001,200.00000000000003,3.0
E02000562,100.0,100.0,100.0,100.0,200.0,3.0
E02000563,99.99999999999999,99.99999999999999,99.99999999999999,99.99999999999999,199.99999999999997,3.0
E02000564,100.0,100.0,100.0,100.0,200.0,3.0
E02000565,100.0,100.0,100.0,100.0,200.0,3.0
E02000566,100.0,100.0,100.0,100.0,200.0,3.0
E02000567,100.0,100.0,100.0,100.0,200.0,3.0
E02000568,100.0,100.0,100.0,100.0,200.0,3.0
E02000569,100.0,100.0,100.0,100.0,200.0,3.0
E02000570,100.00000000000001,100.00000000000001,100.00000000000001,100.00000000000001,200.00000000000003,3.0
E02000571,99.99999999999999,99.99999999999999,99.99999999999999,99.99999999999999,199.99999999999997,3.0
E02000572,100.0,100.0,100.0,100.0,200.0,3.0
E02000573,100.0,100.0,100.0,100.0,200.0,3.0
E02000574,100.0,100.0,100.0,100.0,200.0,3.0
E02000575,100.0,100.0,100.0,100.0,200.0,3.0
E02000576,100.00000000000001,100.00000000000001,100.00000000000001,100.00000000000001,200.00000000000003,3.0
E02000577,99.99999999999999,99.99999999999999,99.99999999999999,99.99999999999999,199.99999999999997,3.0
E02000578,100.0,100.0,100.0,100.0,200.0,3.0
E02000579,100.0,100.0,100.0,100.0,200.0,3.0
E02000580,100.00000000000003,100.00000000000003,100.00000000000003,100.00000000000003,200.00000000000006,3.0
E02000581,99.99999999999999,99.99999999999999,99.99999999999999,99.99999999999999,199.99999999999997,3.0
E02000582,99.99999999999999,99.99999999999999,99.99999999999999,99.99999999999999,199.99999999999997,3.0
E02000583,100.0,100.0,100.0,100.0,200.0,3.0
E02000584,100.00000000000001,100.00000000000001,100.00000000000001,100.00000000000001,200.00000000000003,3.0
E02000585,100.00000000000001,100.00000000000001,100.00000000000001,100.00000000000001,200.00000000000003,3.0
E02000586,100.0,100.0,100.0,100.0,200.0,3.0
E02000587,100.00000000000001,100.00000000000001,100.00000000000001,100.00000000000001,200.00000000000003,3.0
E02000588,99.99999999999999,99.99999999999999,99.99999999999999,99.99999999999999,199.99999999999997,3.0
E02000589,99.99999999999999,99.99999999999999,99.99999999999999,99.99999999999999,199.99999999999997,3.0
E02000590,100.0,100.0,100.0,100.0,200.0,3.0
E02000591,100.00000000000001,100.00000000000001,100.00000000000001,100.00000000000001,200.00000000000003,3.0
E02000592,100.00000000000001,100.00000000000001,100.00000000000001,100.00000000000001,200.00000000000003,3.0
E02000593,100.0,100.0,100.0,100.0,200.0,3.0
E02000594,100.0,100.0,100.0,100.0,200.0,3.0
E02000595,100.0,100.0,100.0,100.0,200.0,3.0
E02000596,100.0,100.0,100.0,100.0,200.0,3.0
E02000597,100.00000000000001,100.00000000000001,100.00000000000001,100.00000000000001,200.00000000000003,3.0
E02000598,100.00000000000001,100.00000000000001,100.00000000000001,100.00000000000001,200.00000000000003,3.0
E02000599,100.0,100.0,100.0,100.0,200.0,3.0
E02000600,99.99999999999997,99.99999999999997,99.99999999999997,99.99999999999997,199.99999999999994,3.0
E02000601,100.0,100.0,100.0,100.0,200.0,3.0
E02000602,99.99999999999999,99.99999999999999,99.99999999999999,99.99999999999999,199.99999999999997,3.0
E02000603,100.00000000000003,100.00000000000003,100.00000000000003,100.00000000000003,200.00000000000006,3.0
E02000604,99.99999999999999,99.99999999999999,99.99999999999999,99.99999999999999,199.99999999999997,3.0
E02000605,100.0,100.0,100.0,100.0,200.0,3.0
E02000606,100.0,100.0,100.0,100.0,200.0,3.0
E02000607,100.0,100.0,100.0,100.0,200.0,3.0
E02000608,100.00000000000001,100.00000000000001,97.42251960981976,100.00000000000001,197.42251960981974,3.0
E02000609,100.0,100.0,100.0,100.0,200.0,3.0
E02000610,100.0,100.0,81.50091832065313,100.0,181.50091832065314,3.0
E02000611,99.99999999999999,99.99999999999999,99.99999999999999,99.99999999999999,199.99999999999997,3.0
E02000612,99.99999999999999,99.99999999999999,99.99999999999999,99.99999999999999,199.99999999999997,3.0
E02000613,99.99999999999999,99.99999999999999,18.152358592074066,99.99999999999999,118.15235859207405,2.5
E02000614,100.00000000000004,100.00000000000004,41.07003191968456,100.00000000000004,141.0700319196846,2.8
E02000615,100.0,100.0,0.0,100.0,100.0,2.0
E02000616,100.0,100.0,0.0,100.0,100.0,2.0
E02000617,99.83589918125446,99.7613079000065,0.0,99.83589918125446,99.7613079000065,2.0
E02000619,100.0,100.0,100.0,100.0,200.0,3.0
E02000620,100.0,100.0,100.0,100.0,200.0,3.0
E02000621,99.99999999999997,99.99999999999997,99.99999999999997,99.99999999999997,199.99999999999994,3.0
E02000622,99.99999999999999,99.99999999999999,99.99999999999999,99.99999999999999,199.99999999999997,3.0
E02000623,99.99999999999999,99.99999999999999,99.99999999999999,99.99999999999999,199.99999999999997,3.0
E02000624,100.0,100.0,100.0,100.0,200.0,3.0
E02000625,100.0,100.0,100.0,100.0,200.0,3.0
E02000626,99.99999999999999,99.99999999999999,99.99999999999999,99.99999999999999,199.99999999999997,3.0
E02000627,100.00000000000001,100.00000000000001,100.00000000000001,100.00000000000001,200.00000000000003,3.0
E02000628,100.00000000000001,100.00000000000001,100.00000000000001,100.00000000000001,200.00000000000003,3.0
E02000629,99.99999999999999,99.99999999999999,99.99999999999999,99.99999999999999,199.99999999999997,3.0
E02000630,99.99999999999999,99.99999999999999,99.99999999999999,99.99999999999999,199.99999999999997,3.0
E02000631,100.00000000000001,100.00000000000001,100.00000000000001,100.00000000000001,200.00000000000003,3.0
E02000632,100.00000000000003,100.00000000000003,100.00000000000003,100.00000000000003,200.00000000000006,3.0
E02000633,100.0,100.0,100.0,100.0,200.0,3.0
E02000634,100.0,100.0,100.0,100.0,200.0,3.0
E02000635,100.00000000000001,100.00000000000001,100.00000000000001,100.00000000000001,200.00000000000003,3.0
E02000636,100.0,100.0,100.0,100.0,200.0,3.0
E02000637,99.99999999999999,99.99999999999999,99.99999999999999,99.99999999999999,199.99999999999997,3.0
E02000638,100.0,100.0,100.0,100.0,200.0,3.0
E02000639,100.0,100.0,100.0,100.0,200.0,3.0
E02000640,100.0,100.0,100.0,100.0,200.0,3.0
E02000641,100.00000000000001,100.00000000000001,100.00000000000001,100.00000000000001,200.00000000000003,3.0
E02000642,100.0,100.0,100.0,100.0,200.0,3.0
E02000643,99.99999999999999,99.99999999999999,99.99999999999999,99.99999999999999,199.99999999999997,3.0
E02000644,99.99999999999999,99.99999999999999,99.99999999999999,99.99999999999999,199.99999999999997,3.0
E02000645,100.0,100.0,100.0,100.0,200.0,3.0
E02000646,99.99999999999999,99.99999999999999,99.99999999999999,99.99999999999999,199.99999999999997,3.0
E02000647,100.0,100.0,100.0,100.0,200.0,3.0
E02000648,100.0,100.0,100.0,100.0,200.0,3.0
E02000649,100.00000000000001,100.00000000000001,100.00000000000001,100.00000000000001,200.00000000000003,3.0
E02000650,100.0,100.0,100.0,100.0,200.0,3.0
E02000651,100.00000000000001,100.00000000000001,100.00000000000001,100.00000000000001,200.00000000000003,3.0
E02000652,99.99999999999999,99.99999999999999,99.99999999999999,99.99999999999999,199.99999999999997,3.0
E02000653,99.99999999999999,99.99999999999999,99.99999999999999,99.99999999999999,199.99999999999997,3.0
E02000654,100.00000000000001,100.00000000000001,100.00000000000001,100.00000000000001,200.00000000000003,3.0
E02000655,100.0,100.0,100.0,100.0,200.0,3.0
E02000657,100.0,100.0,100.0,100.0,200.0,3.0
E02000658,100.0,100.0,100.0,100.0,200.0,3.0
E02000659,100.0,100.0,100.0,100.0,200.0,3.0
E02000660,100.00000000000001,100.00000000000001,100.00000000000001,100.00000000000001,200.00000000000003,3.0
E02000661,100.0,100.0,100.0,100.0,200.0,3.0
E02000662,100.0,100.0,100.0,100.0,200.0,3.0
E02000663,99.99999999999999,99.99999999999999,99.99999999999999,99.99999999999999,199.99999999999997,3.0
E02000664,100.0,100.0,100.0,100.0,200.0,3.0
E02000665,100.0,100.0,100.0,100.0,200.0,3.0
E02000666,100.0,100.0,100.0,100.0,200.0,3.0
E02000667,100.0,100.0,100.0,100.0,200.0,3.0
E02000668,100.0,100.0,100.0,100.0,200.0,3.0
E02000669,100.0,100.0,100.0,100.0,200.0,3.0
E02000670,100.00000000000001,100.00000000000001,100.00000000000001,100.00000000000001,200.00000000000003,3.0
E02000671,100.00000000000001,100.00000000000001,100.00000000000001,100.00000000000001,200.00000000000003,3.0
E02000672,100.0,100.0,100.0,100.0,200.0,3.0
E02000673,100.00000000000001,100.00000000000001,100.00000000000001,100.00000000000001,200.00000000000003,3.0
E02000674,100.0,100.0,100.0,100.0,200.0,3.0
E02000675,100.0,100.0,100.0,100.0,200.0,3.0
E02000676,99.99999999999999,99.99999999999999,99.99999999999999,99.99999999999999,199.99999999999997,3.0
E02000677,100.00000000000003,100.00000000000003,100.00000000000003,100.00000000000003,200.00000000000006,3.0
E02000678,100.00000000000001,100.00000000000001,100.00000000000001,100.00000000000001,200.00000000000003,3.0
E02000679,100.00000000000001,100.00000000000001,100.00000000000001,100.00000000000001,200.00000000000003,3.0
E02000680,100.0,100.0,100.0,100.0,200.0,3.0
E02000681,99.99999999999999,99.99999999999999,99.99999999999999,99.99999999999999,199.99999999999997,3.0
E02000682,100.0,100.0,100.0,100.0,200.0,3.0
E02000683,100.0,100.0,100.0,100.0,200.0,3.0
E02000685,99.99999999999999,99.99999999999999,99.99999999999999,99.99999999999999,199.99999999999997,3.0
E02000686,100.0,100.0,100.0,100.0,200.0,3.0
E02000687,100.00000000000001,100.00000000000001,100.00000000000001,100.00000000000001,200.00000000000003,3.0
E02000689,100.0,100.0,100.0,100.0,200.0,3.0
E02000690,99.99999999999999,99.99999999999999,99.99999999999999,99.99999999999999,199.99999999999997,3.0
E02000691,100.0,100.0,100.0,100.0,200.0,3.0
E02000692,100.00000000000001,100.00000000000001,100.00000000000001,100.00000000000001,200.00000000000003,3.0
E02000693,99.99999999999999,99.99999999999999,99.99999999999999,99.99999999999999,199.99999999999997,3.0
E02000694,100.00000000000001,100.00000000000001,100.00000000000001,100.00000000000001,200.00000000000003,3.0
E02000695,100.0,100.0,100.0,100.0,200.0,3.0
E02000696,100.0,100.0,100.0,100.0,200.0,3.0
E02000697,100.0,100.0,100.0,100.0,200.0,3.0
E02000698,100.00000000000001,100.00000000000001,100.00000000000001,100.00000000000001,200.00000000000003,3.0
E02000699,100.0,100.0,100.0,100.0,200.0,3.0
E02000700,100.0,100.0,100.0,100.0,200.0,3.0
E02000701,100.0,100.0,100.0,100.0,200.0,3.0
E02000702,99.99999999999999,99.99999999999999,99.99999999999999,99.99999999999999,199.99999999999997,3.0
E02000703,100.0,100.0,100.0,100.0,200.0,3.0
E02000704,99.99999999999999,99.99999999999999,99.99999999999999,99.99999999999999,199.99999999999997,3.0
E02000705,100.0,100.0,100.0,100.0,200.0,3.0
E02000706,100.0,100.0,100.0,100.0,200.0,3.0
E02000707,100.0,100.0,100.0,100.0,200.0,3.0
E02000708,100.0,100.0,100.0,100.0,200.0,3.0
E02000709,100.0,100.0,100.0,100.0,200.0,3.0
E02000710,100.00000000000001,100.00000000000001,100.00000000000001,100.00000000000001,200.00000000000003,3.0
E02000711,100.0,100.0,100.0,100.0,200.0,3.0
E02000712,100.0,100.0,100.0,100.0,200.0,3.0
E02000713,100.0,100.0,100.0,100.0,200.0,3.0
E02000714,99.99999999999999,99.99999999999999,99.99999999999999,99.99999999999999,199.99999999999997,3.0
E02000715,100.00000000000001,100.00000000000001,100.00000000000001,100.00000000000001,200.00000000000003,3.0
E02000716,100.00000000000001,100.00000000000001,100.00000000000001,100.00000000000001,200.00000000000003,3.0
E02000717,100.0,100.0,100.0,100.0,200.0,3.0
E02000718,99.99999999999999,99.99999999999999,99.99999999999999,99.99999999999999,199.99999999999997,3.0
E02000719,100.00000000000001,100.00000000000001,100.00000000000001,100.00000000000001,200.00000000000003,3.0
E02000720,100.0,100.0,100.0,100.0,200.0,3.0
E02000721,100.0,100.0,100.0,100.0,200.0,3.0
E02000722,100.0,100.0,100.0,100.0,200.0,3.0
E02000723,99.99999999999999,99.99999999999999,99.99999999999999,99.99999999999999,199.99999999999997,3.0
E02000724,100.00000000000001,100.00000000000001,100.00000000000001,100.00000000000001,200.00000000000003,3.0
E02000725,99.99999999999997,99.99999999999997,99.99999999999997,99.99999999999997,199.99999999999994,3.0
E02000726,100.00000000000001,100.00000000000001,100.00000000000001,100.00000000000001,200.00000000000003,3.0
E02000727,100.0,100.0,100.0,100.0,200.0,3.0
E02000728,99.99999999999999,99.99999999999999,99.99999999999999,99.99999999999999,199.99999999999997,3.0
E02000729,99.99999999999999,99.99999999999999,99.99999999999999,99.99999999999999,199.99999999999997,3.0
E02000730,100.0,100.0,100.0,100.0,200.0,3.0
E02000731,100.0,100.0,100.0,100.0,200.0,3.0
E02000732,100.0,100.0,100.0,100.0,200.0,3.0
E02000733,100.0,100.0,100.0,100.0,200.0,3.0
E02000734,99.99999999999999,99.99999999999999,99.99999999999999,99.99999999999999,199.99999999999997,3.0
E02000735,99.99999999999999,99.99999999999999,99.99999999999999,99.99999999999999,199.99999999999997,3.0
E02000736,100.0,100.0,100.0,100.0,200.0,3.0
E02000737,100.00000000000003,100.00000000000003,100.00000000000003,100.00000000000003,200.00000000000006,3.0
E02000738,100.0,100.0,100.0,100.0,200.0,3.0
E02000739,100.0,100.0,100.0,100.0,200.0,3.0
E02000740,100.0,100.0,100.0,100.0,200.0,3.0
E02000741,100.0,100.0,100.0,100.0,200.0,3.0
E02000742,100.0,100.0,100.0,100.0,200.0,3.0
E02000743,99.99999999999999,99.99999999999999,99.99999999999999,99.99999999999999,199.99999999999997,3.0
E02000744,100.0,100.0,100.0,100.0,200.0,3.0
E02000745,100.00000000000001,100.00000000000001,100.00000000000001,100.00000000000001,200.00000000000003,3.0
E02000746,99.99999999999999,99.99999999999999,99.99999999999999,99.99999999999999,199.99999999999997,3.0
E02000747,100.0,100.0,100.0,100.0,200.0,3.0
E02000748,100.0,100.0,100.0,100.0,200.0,3.0
E02000749,99.99999999999999,99.99999999999999,99.99999999999999,99.99999999999999,199.99999999999997,3.0
E02000750,100.0,100.0,100.0,100.0,200.0,3.0
E02000751,100.00000000000003,100.00000000000003,100.00000000000003,100.00000000000003,200.00000000000006,3.0
E02000752,100.0,99.75184552144917,89.02691915158006,100.0,188.7787646730292,3.0
E02000753,100.0,100.0,100.0,100.0,200.0,3.0
E02000754,100.0,100.0,100.0,100.0,200.0,3.0
E02000755,100.0,100.0,100.0,100.0,200.0,3.0
E02000756,100.0,100.0,100.0,100.0,200.0,3.0
E02000757,100.00000000000003,100.00000000000003,100.00000000000003,100.00000000000003,200.00000000000006,3.0
E02000758,99.99999999999999,99.99999999999999,99.99999999999999,99.99999999999999,199.99999999999997,3.0
E02000759,99.99999999999999,99.99999999999999,99.99999999999999,99.99999999999999,199.99999999999997,3.0
E02000760,99.99999999999999,99.99999999999999,99.99999999999999,99.99999999999999,199.99999999999997,3.0
E02000762,100.0,100.0,100.0,100.0,200.0,3.0
E02000763,100.0,100.0,100.0,100.0,200.0,3.0
E02000764,100.00000000000001,100.00000000000001,100.00000000000001,100.00000000000001,200.00000000000003,3.0
E02000765,100.0,100.0,100.0,100.0,200.0,3.0
E02000767,99.99999999999999,99.99999999999999,99.99999999999999,99.99999999999999,199.99999999999997,3.0
E02000768,100.0,100.0,100.0,100.0,200.0,3.0
E02000769,99.99999999999999,99.99999999999999,99.99999999999999,99.99999999999999,199.99999999999997,3.0
E02000770,100.0,100.0,100.0,100.0,200.0,3.0
E02000772,100.00000000000001,100.00000000000001,100.00000000000001,100.00000000000001,200.00000000000003,3.0
E02000773,100.0,100.0,100.0,100.0,200.0,3.0
E02000774,99.99999999999997,99.99999999999997,99.99999999999997,99.99999999999997,199.99999999999994,3.0
E02000776,100.0,100.0,100.0,100.0,200.0,3.0
E02000777,100.00000000000001,100.00000000000001,100.00000000000001,100.00000000000001,200.00000000000003,3.0
E02000779,99.99999999999999,99.99999999999999,99.99999999999999,99.99999999999999,199.99999999999997,3.0
E02000780,100.0,100.0,100.0,100.0,200.0,3.0
E02000781,100.0,100.0,100.0,100.0,200.0,3.0
E02000782,100.0,100.0,100.0,100.0,200.0,3.0
E02000783,100.00000000000001,100.00000000000001,100.00000000000001,100.00000000000001,200.00000000000003,3.0
E02000784,100.00000000000001,100.00000000000001,100.00000000000001,100.00000000000001,200.00000000000003,3.0
E02000785,100.00000000000001,100.00000000000001,100.00000000000001,100.00000000000001,200.00000000000003,3.0
E02000786,100.0,100.0,100.0,100.0,200.0,3.0
E02000787,100.00000000000001,100.00000000000001,100.00000000000001,100.00000000000001,200.00000000000003,3.0
E02000788,99.99999999999999,99.99999999999999,99.99999999999999,99.99999999999999,199.99999999999997,3.0
E02000789,100.0,100.0,100.0,100.0,200.0,3.0
E02000790,100.0,100.0,100.0,100.0,200.0,3.0
E02000791,100.00000000000001,100.00000000000001,100.00000000000001,100.00000000000001,200.00000000000003,3.0
E02000792,99.99999999999999,99.99999999999999,99.99999999999999,99.99999999999999,199.99999999999997,3.0
E02000793,99.99999999999999,99.99999999999999,99.99999999999999,99.99999999999999,199.99999999999997,3.0
E02000794,100.0,100.0,100.0,100.0,200.0,3.0
E02000795,99.99999999999999,99.99999999999999,99.99999999999999,99.99999999999999,199.99999999999997,3.0
E02000796,100.00000000000001,100.00000000000001,100.00000000000001,100.00000000000001,200.00000000000003,3.0
E02000797,100.0,100.0,100.0,100.0,200.0,3.0
E02000798,100.0,100.0,100.0,100.0,200.0,3.0
E02000799,100.0,100.0,100.0,100.0,200.0,3.0
E02000800,100.0,100.0,100.0,100.0,200.0,3.0
E02000801,100.00000000000001,100.00000000000001,100.00000000000001,100.00000000000001,200.00000000000003,3.0
E02000802,99.99999999999999,99.99999999999999,99.99999999999999,99.99999999999999,199.99999999999997,3.0
E02000803,100.0,100.0,100.0,100.0,200.0,3.0
E02000804,100.0,100.0,100.0,100.0,200.0,3.0
E02000805,100.0,100.0,100.0,100.0,200.0,3.0
E02000806,100.0,100.0,96.29001781447529,100.0,196.2900178144753,3.0
E02000807,100.0,100.0,100.0,100.0,200.0,3.0
E02000808,99.99999999999999,99.99999999999999,99.99999999999999,99.99999999999999,199.99999999999997,3.0
E02000809,99.99999999999999,99.99999999999999,99.99999999999999,99.99999999999999,199.99999999999997,3.0
E02000810,100.0,100.0,100.0,100.0,200.0,3.0
E02000812,99.99999999999999,99.99999999999999,99.99999999999999,99.99999999999999,199.99999999999997,3.0
E02000813,100.0,100.0,100.0,100.0,200.0,3.0
E02000814,100.0,100.0,100.0,100.0,200.0,3.0
E02000815,100.0,100.0,100.0,100.0,200.0,3.0
E02000816,100.0,100.0,100.0,100.0,200.0,3.0
E02000817,100.0,100.0,100.0,100.0,200.0,3.0
E02000818,100.00000000000001,100.00000000000001,100.00000000000001,100.00000000000001,200.00000000000003,3.0
E02000819,100.00000000000003,100.00000000000003,100.00000000000003,100.00000000000003,200.00000000000006,3.0
E02000820,99.99999999999999,99.99999999999999,99.99999999999999,99.99999999999999,199.99999999999997,3.0
E02000821,100.0,100.0,100.0,100.0,200.0,3.0
E02000822,100.00000000000001,100.00000000000001,100.00000000000001,100.00000000000001,200.00000000000003,3.0
E02000823,100.0,100.0,100.0,100.0,200.0,3.0
E02000824,100.00000000000001,100.00000000000001,100.00000000000001,100.00000000000001,200.00000000000003,3.0
E02000825,100.00000000000001,100.00000000000001,100.00000000000001,100.00000000000001,200.00000000000003,3.0
E02000826,100.00000000000003,100.00000000000003,100.00000000000003,100.00000000000003,200.00000000000006,3.0
E02000827,100.00000000000001,100.00000000000001,100.00000000000001,100.00000000000001,200.00000000000003,3.0
E02000828,100.00000000000001,100.00000000000001,100.00000000000001,100.00000000000001,200.00000000000003,3.0
E02000829,99.99999999999999,99.99999999999999,99.99999999999999,99.99999999999999,199.99999999999997,3.0
E02000830,100.0,100.0,100.0,100.0,200.0,3.0
E02000831,100.0,100.0,100.0,100.0,200.0,3.0
E02000832,99.99999999999999,99.99999999999999,99.99999999999999,99.99999999999999,199.99999999999997,3.0
E02000833,99.99999999999999,99.99999999999999,99.99999999999999,99.99999999999999,199.99999999999997,3.0
E02000834,99.99999999999999,99.99999999999999,99.99999999999999,99.99999999999999,199.99999999999997,3.0
E02000835,100.0,100.0,100.0,100.0,200.0,3.0
E02000836,100.0,100.0,100.0,100.0,200.0,3.0
E02000837,100.00000000000001,100.00000000000001,100.00000000000001,100.00000000000001,200.00000000000003,3.0
E02000838,100.0,100.0,100.0,100.0,200.0,3.0
E02000839,99.99999999999999,99.99999999999999,99.99999999999999,99.99999999999999,199.99999999999997,3.0
E02000840,100.00000000000001,100.00000000000001,100.00000000000001,100.00000000000001,200.00000000000003,3.0
E02000841,100.0,100.0,100.0,100.0,200.0,3.0
E02000842,100.0,100.0,100.0,100.0,200.0,3.0
E02000843,100.0,100.0,100.0,100.0,200.0,3.0
E02000844,100.0,100.0,100.0,100.0,200.0,3.0
E02000845,99.99999999999999,99.99999999999999,99.99999999999999,99.99999999999999,199.99999999999997,3.0
E02000846,100.0,100.0,100.0,100.0,200.0,3.0
E02000847,99.99999999999997,99.99999999999997,99.99999999999997,99.99999999999997,199.99999999999994,3.0
E02000848,99.99999999999999,99.99999999999999,99.99999999999999,99.99999999999999,199.99999999999997,3.0
E02000849,100.0,100.0,100.0,100.0,200.0,3.0
E02000850,100.0,100.0,100.0,100.0,200.0,3.0
E02000851,100.00000000000001,100.00000000000001,100.00000000000001,100.00000000000001,200.00000000000003,3.0
E02000852,100.00000000000001,100.00000000000001,100.00000000000001,100.00000000000001,200.00000000000003,3.0
E02000853,100.0,100.0,100.0,100.0,200.0,3.0
E02000854,100.00000000000001,100.00000000000001,100.00000000000001,100.00000000000001,200.00000000000003,3.0
E02000855,100.00000000000001,100.00000000000001,27.435096247864916,100.00000000000001,127.4350962478649,2.7142857142857144
E02000856,100.0,100.0,100.0,100.0,200.0,3.0
E02000857,100.00000000000001,100.00000000000001,65.33466534097155,100.00000000000001,165.33466534097158,3.0
E02000858,100.0,100.0,100.0,100.0,200.0,3.0
E02000859,100.0,100.0,100.0,100.0,200.0,3.0
E02000860,100.0,100.0,56.32950625126174,100.0,156.32950625126176,2.6666666666666665
E02000861,100.00000000000001,100.00000000000001,69.59518048112089,100.00000000000001,169.5951804811209,3.0
E02000863,99.99999999999999,99.99999999999999,46.96183557580609,99.99999999999999,146.96183557580608,2.75
E02000864,100.00000000000001,100.00000000000001,100.00000000000001,100.00000000000001,200.00000000000003,3.0
E02000865,100.0,100.0,100.0,100.0,200.0,3.0
E02000866,100.0,100.0,100.0,100.0,200.0,3.0
E02000867,100.0,100.0,100.0,100.0,200.0,3.0
E02000868,100.0,100.0,100.0,100.0,200.0,3.0
E02000869,100.0,100.0,100.0,100.0,200.0,3.0
E02000870,99.99999999999999,99.99999999999999,99.99999999999999,99.99999999999999,199.99999999999997,3.0
E02000871,100.0,100.0,100.0,100.0,200.0,3.0
E02000872,100.0,100.0,100.0,100.0,200.0,3.0
E02000873,100.00000000000001,100.00000000000001,100.00000000000001,100.00000000000001,200.00000000000003,3.0
E02000874,99.99999999999997,99.99999999999997,99.99999999999997,99.99999999999997,199.99999999999994,3.0
E02000875,100.0,100.0,100.0,100.0,200.0,3.0
E02000876,100.0,100.0,100.0,100.0,200.0,3.0
E02000877,100.00000000000001,100.00000000000001,100.00000000000001,100.00000000000001,200.00000000000003,3.0
E02000878,100.0,100.0,100.0,100.0,200.0,3.0
E02000879,99.99999999999999,99.99999999999999,99.99999999999999,99.99999999999999,199.99999999999997,3.0
E02000880,100.00000000000001,100.00000000000001,100.00000000000001,100.00000000000001,200.00000000000003,3.0
E02000881,100.00000000000001,100.00000000000001,100.00000000000001,100.00000000000001,200.00000000000003,3.0
E02000882,100.0,100.0,100.0,100.0,200.0,3.0
E02000883,100.0,100.0,100.0,100.0,200.0,3.0
E02000884,100.00000000000001,100.00000000000001,100.00000000000001,100.00000000000001,200.00000000000003,3.0
E02000885,99.99999999999999,99.99999999999999,99.99999999999999,99.99999999999999,199.99999999999997,3.0
E02000886,99.99999999999999,99.99999999999999,99.99999999999999,99.99999999999999,199.99999999999997,3.0
E02000887,100.0,100.0,100.0,100.0,200.0,3.0
E02000888,100.0,100.0,100.0,100.0,200.0,3.0
E02000889,99.99999999999999,99.99999999999999,99.99999999999999,99.99999999999999,199.99999999999997,3.0
E02000890,99.99999999999999,99.99999999999999,99.99999999999999,99.99999999999999,199.99999999999997,3.0
E02000891,100.00000000000001,100.00000000000001,100.00000000000001,100.00000000000001,200.00000000000003,3.0
E02000893,99.99999999999999,99.99999999999999,99.99999999999999,99.99999999999999,199.99999999999997,3.0
E02000894,100.0,100.0,100.0,100.0,200.0,3.0
E02000895,100.0,100.0,100.0,100.0,200.0,3.0
E02000896,100.00000000000003,100.00000000000003,100.00000000000003,100.00000000000003,200.00000000000006,3.0
E02000897,100.0,100.0,100.0,100.0,200.0,3.0
E02000898,100.00000000000001,100.00000000000001,100.00000000000001,100.00000000000001,200.00000000000003,3.0
E02000899,100.0,100.0,100.0,100.0,200.0,3.0
E02000900,100.0,100.0,100.0,100.0,200.0,3.0
E02000901,100.0,100.0,100.0,100.0,200.0,3.0
E02000902,100.0,100.0,100.0,100.0,200.0,3.0
E02000903,100.00000000000001,100.00000000000001,100.00000000000001,100.00000000000001,200.00000000000003,3.0
E02000904,100.0,100.0,100.0,100.0,200.0,3.0
E02000905,100.00000000000001,100.00000000000001,100.00000000000001,100.00000000000001,200.00000000000003,3.0
E02000906,99.99999999999999,99.99999999999999,99.99999999999999,99.99999999999999,199.99999999999997,3.0
E02000907,100.0,100.0,100.0,100.0,200.0,3.0
E02000908,100.0,100.0,100.0,100.0,200.0,3.0
E02000909,100.0,100.0,100.0,100.0,200.0,3.0
E02000910,100.0,100.0,100.0,100.0,200.0,3.0
E02000911,99.99999999999999,99.99999999999999,99.99999999999999,99.99999999999999,199.99999999999997,3.0
E02000912,99.99999999999999,99.99999999999999,99.99999999999999,99.99999999999999,199.99999999999997,3.0
E02000913,100.00000000000001,100.00000000000001,100.00000000000001,100.00000000000001,200.00000000000003,3.0
E02000914,100.00000000000003,100.00000000000003,100.00000000000003,100.00000000000003,200.00000000000006,3.0
E02000915,100.0,100.0,100.0,100.0,200.0,3.0
E02000916,100.00000000000001,100.00000000000001,100.00000000000001,100.00000000000001,200.00000000000003,3.0
E02000917,100.0,100.0,100.0,100.0,200.0,3.0
E02000918,99.99999999999999,99.99999999999999,99.99999999999999,99.99999999999999,199.99999999999997,3.0
E02000919,100.00000000000001,100.00000000000001,100.00000000000001,100.00000000000001,200.00000000000003,3.0
E02000920,100.00000000000001,100.00000000000001,100.00000000000001,100.00000000000001,200.00000000000003,3.0
E02000921,100.0,100.0,100.0,100.0,200.0,3.0
E02000922,99.99999999999999,99.99999999999999,99.99999999999999,99.99999999999999,199.99999999999997,3.0
E02000923,99.99999999999999,99.99999999999999,99.99999999999999,99.99999999999999,199.99999999999997,3.0
E02000924,100.00000000000001,100.00000000000001,100.00000000000001,100.00000000000001,200.00000000000003,3.0
E02000925,100.0,100.0,100.0,100.0,200.0,3.0
E02000926,99.99999999999999,99.99999999999999,99.99999999999999,99.99999999999999,199.99999999999997,3.0
E02000927,100.00000000000001,100.00000000000001,100.00000000000001,100.00000000000001,200.00000000000003,3.0
E02000928,100.0,100.0,100.0,100.0,200.0,3.0
E02000929,100.0,100.0,100.0,100.0,200.0,3.0
E02000930,100.0,100.0,100.0,100.0,200.0,3.0
E02000931,99.99999999999999,99.99999999999999,99.99999999999999,99.99999999999999,199.99999999999997,3.0
E02000932,100.0,100.0,100.0,100.0,200.0,3.0
E02000933,100.0,100.0,100.0,100.0,200.0,3.0
E02000934,100.0,100.0,100.0,100.0,200.0,3.0
E02000935,100.00000000000001,100.00000000000001,100.00000000000001,100.00000000000001,200.00000000000003,3.0
E02000936,99.99999999999999,99.99999999999999,99.99999999999999,99.99999999999999,199.99999999999997,3.0
E02000937,99.99999999999999,99.99999999999999,99.99999999999999,99.99999999999999,199.99999999999997,3.0
E02000938,99.99999999999999,99.99999999999999,99.99999999999999,99.99999999999999,199.99999999999997,3.0
E02000939,100.0,100.0,100.0,100.0,200.0,3.0
E02000940,100.0,100.0,100.0,100.0,200.0,3.0
E02000941,100.0,100.0,100.0,100.0,200.0,3.0
E02000942,100.0,100.0,100.0,100.0,200.0,3.0
E02000943,100.0,100.0,100.0,100.0,200.0,3.0
E02000944,100.00000000000001,100.00000000000001,100.00000000000001,100.00000000000001,200.00000000000003,3.0
E02000945,100.0,100.0,100.0,100.0,200.0,3.0
E02000946,99.99999999999999,99.99999999999999,99.99999999999999,99.99999999999999,199.99999999999997,3.0
E02000947,100.0,100.0,100.0,100.0,200.0,3.0
E02000948,99.99999999999999,99.99999999999999,99.99999999999999,99.99999999999999,199.99999999999997,3.0
E02000949,100.0,100.0,100.0,100.0,200.0,3.0
E02000950,100.00000000000003,100.00000000000003,100.00000000000003,100.00000000000003,200.00000000000006,3.0
E02000951,100.0,100.0,100.0,100.0,200.0,3.0
E02000952,100.0,100.0,100.0,100.0,200.0,3.0
E02000953,100.0,100.0,100.0,100.0,200.0,3.0
E02000954,100.00000000000001,100.00000000000001,100.00000000000001,100.00000000000001,200.00000000000003,3.0
E02000955,100.0,100.0,100.0,100.0,200.0,3.0
E02000956,100.00000000000001,100.00000000000001,100.00000000000001,100.00000000000001,200.00000000000003,3.0
E02000957,99.99999999999999,99.99999999999999,99.99999999999999,99.99999999999999,199.99999999999997,3.0
E02000958,100.0,100.0,100.0,100.0,200.0,3.0
E02000959,99.99999999999999,99.99999999999999,99.99999999999999,99.99999999999999,199.99999999999997,3.0
E02000960,100.0,100.0,100.0,100.0,200.0,3.0
E02000961,100.0,100.0,100.0,100.0,200.0,3.0
E02000962,100.00000000000003,100.00000000000003,100.00000000000003,100.00000000000003,200.00000000000006,3.0
E02000963,100.00000000000001,100.00000000000001,100.00000000000001,100.00000000000001,200.00000000000003,3.0
E02000964,99.99999999999999,99.99999999999999,99.99999999999999,99.99999999999999,199.99999999999997,3.0
E02000965,99.99999999999999,99.99999999999999,99.99999999999999,99.99999999999999,199.99999999999997,3.0
E02000966,100.0,100.0,100.0,100.0,200.0,3.0
E02000967,99.99999999999999,99.99999999999999,99.99999999999999,99.99999999999999,199.99999999999997,3.0
E02000968,100.0,100.0,100.0,100.0,200.0,3.0
E02000969,100.0,100.0,100.0,100.0,200.0,3.0
E02000970,99.99999999999999,99.99999999999999,99.99999999999999,99.99999999999999,199.99999999999997,3.0
E02000971,100.0,100.0,100.0,100.0,200.0,3.0
E02000972,100.0,100.0,100.0,100.0,200.0,3.0
E02000973,100.00000000000001,100.00000000000001,100.00000000000001,100.00000000000001,200.00000000000003,3.0
E02000974,100.0,100.0,100.0,100.0,200.0,3.0
E02000975,99.99999999999999,99.99999999999999,99.99999999999999,99.99999999999999,199.99999999999997,3.0
E02000976,100.0,100.0,100.0,100.0,200.0,3.0
E02000977,99.99999999999999,99.99999999999999,99.99999999999999,99.99999999999999,199.99999999999997,3.0
E02000978,99.99999999999999,99.99999999999999,99.99999999999999,99.99999999999999,199.99999999999997,3.0
E02000979,99.99999999999999,99.99999999999999,99.99999999999999,99.99999999999999,199.99999999999997,3.0
E02000980,100.0,100.0,100.0,100.0,200.0,3.0
E02000981,100.00000000000001,100.00000000000001,100.00000000000001,100.00000000000001,200.00000000000003,3.0
E02000982,100.0,100.0,100.0,100.0,200.0,3.0
E02000983,99.99999999999999,99.99999999999999,99.99999999999999,99.99999999999999,199.99999999999997,3.0
