WD11CD,express_coverage,superstore_coverage,extra_coverage,total_coverage,overlap_index,unique_types
E05000001,100.0,100.0,100.0,100.0,200.0,3.0
E05000003,100.0,100.0,100.0,100.0,200.0,3.0
E05000010,100.0,100.0,100.0,100.0,200.0,3.0
E05000015,100.0,100.0,100.0,100.0,200.0,3.0000000000000004
E05000023,99.99999999999999,99.99999999999999,99.99999999999999,99.99999999999999,199.99999999999997,3.0
E05000025,100.0,100.0,100.0,100.0,200.0,3.0
E05000026,100.0,100.0,100.0,100.0,200.0,3.0
E05000027,100.0,100.0,100.0,100.0,200.0,3.0
E05000028,99.99999999999999,99.99999999999999,99.99999999999999,99.99999999999999,199.99999999999997,3.0
E05000029,100.0,100.0,100.0,100.0,200.0,3.0
E05000030,100.0,100.0,100.0,100.0,200.0,3.0000000000000004
E05000031,99.99999999999999,99.99999999999999,99.99999999999999,99.99999999999999,199.99999999999997,3.0000000000000004
E05000032,100.00000000000001,100.00000000000001,100.00000000000001,100.00000000000001,200.00000000000003,3.0
E05000033,100.0,100.0,100.0,100.0,200.0,2.9999999999999996
E05000034,99.99999999999999,99.99999999999999,99.99999999999999,99.99999999999999,199.99999999999997,3.0000000000000004
E05000035,100.00000000000001,100.00000000000001,100.00000000000001,100.00000000000001,200.00000000000003,3.0
E05000036,99.99999999999999,99.99999999999999,99.99999999999999,99.99999999999999,199.99999999999997,3.0000000000000004
E05000037,100.0,100.0,100.0,100.0,200.0,3.0
E05000038,100.00000000000001,100.00000000000001,100.00000000000001,100.00000000000001,200.00000000000003,3.0
E05000039,100.0,100.0,100.0,100.0,200.0,3.0
E05000040,100.00000000000001,100.00000000000001,100.00000000000001,100.00000000000001,200.00000000000003,3.0000000000000004
E05000041,99.99999999999999,99.99999999999999,99.99999999999999,99.99999999999999,199.99999999999997,3.0
E05000042,100.0,100.0,100.0,100.0,200.0,2.999999999999999
E05000043,99.99999999999997,99.99999999999997,99.99999999999997,99.99999999999997,199.99999999999994,2.9999999999999996
E05000044,99.99999999999999,99.99999999999999,99.99999999999999,99.99999999999999,199.99999999999997,2.9999999999999996
E05000045,100.00000000000001,100.00000000000001,100.00000000000001,100.00000000000001,200.00000000000003,3.0000000000000004
E05000046,100.0,100.0,100.0,100.0,200.0,3.0
E05000047,100.00000000000001,100.00000000000001,100.00000000000001,100.00000000000001,200.00000000000003,3.0
E05000048,99.99999999999999,99.99999999999999,92.13626947941427,99.99999999999999,192.1362694794142,2.9999999999999996
E05000049,100.00000000000001,100.00000000000001,100.00000000000001,100.00000000000001,200.00000000000003,2.9999999999999996
E05000050,100.0,100.0,100.0,100.0,200.0,3.0
E05000051,99.99999999999999,99.99999999999999,99.99999999999999,99.99999999999999,199.99999999999997,2.9999999999999996
E05000052,99.99999999999999,99.99999999999999,99.99999999999999,99.99999999999999,199.99999999999997,2.9999999999999996
E05000053,100.0,100.0,100.0,100.0,200.0,3.0
E05000054,100.00000000000001,100.00000000000001,100.00000000000001,100.00000000000001,200.00000000000003,3.0
E05000055,100.0,100.0,100.0,100.0,200.0,3.0
E05000056,100.0,100.0,59.47684311172915,100.0,159.47684311172915,2.8169790714627467
E05000057,100.0,100.0,100.0,100.0,200.0,3.0
E05000058,99.99999999999997,99.99999999999997,99.99999999999997,99.99999999999997,199.99999999999994,2.9999999999999996
E05000059,100.0,100.0,100.0,100.0,200.0,3.0000000000000004
E05000060,100.0,100.0,100.0,100.0,200.0,3.0000000000000004
E05000061,100.00000000000001,100.00000000000001,100.00000000000001,100.00000000000001,200.00000000000003,3.0000000000000004
E05000062,100.00000000000003,100.00000000000003,100.00000000000003,100.00000000000003,200.00000000000006,3.000000000000001
E05000063,100.0,100.0,100.0,100.0,200.0,3.0
E05000064,100.00000000000001,62.643565802158705,100.00000000000001,100.00000000000001,162.64356580215872,3.0
E05000065,100.0,100.0,100.0,100.0,200.0,3.0
E05000066,100.0,100.0,100.0,100.0,200.0,2.9999999999999996
E05000067,100.0,100.0,100.0,100.0,200.0,2.9999999999999996
E05000068,100.00000000000001,100.00000000000001,100.00000000000001,100.00000000000001,200.00000000000003,3.0
E05000069,99.99999999999999,99.99999999999999,99.99999999999999,99.99999999999999,199.99999999999997,3.0
E05000070,100.0,55.275537872581275,100.0,100.0,155.27553787258128,2.945382483630812
E05000071,100.00000000000003,0.0,72.49569452336917,100.00000000000003,72.49569452336917,2.0
E05000072,100.00000000000004,67.72549783370432,98.28055639054783,100.00000000000004,166.00605422425215,3.0000000000000004
E05000073,100.00000000000001,100.00000000000001,100.00000000000001,100.00000000000001,200.00000000000003,3.0
E05000074,100.0,100.0,100.0,100.0,200.0,3.0000000000000004
E05000075,100.0,89.9245112322213,100.0,100.0,189.9245112322213,2.9999999999999996
E05000076,99.99999999999999,99.99999999999999,99.99999999999999,99.99999999999999,199.99999999999997,3.0
E05000077,100.00000000000003,100.00000000000003,100.00000000000003,100.00000000000003,200.00000000000006,3.000000000000001
E05000078,99.99999999999999,99.99999999999999,99.99999999999999,99.99999999999999,199.99999999999997,2.999999999999999
E05000079,100.00000000000001,0.0,67.88827208599751,100.00000000000001,67.88827208599751,2.0
E05000080,100.00000000000001,100.00000000000001,100.00000000000001,100.00000000000001,200.00000000000003,3.0
E05000081,100.0,62.308104716751295,100.0,100.0,162.3081047167513,2.6878215958455085
E05000082,99.99999999999999,99.99999999999999,99.99999999999999,99.99999999999999,199.99999999999997,2.9999999999999996
E05000083,99.99999999999999,99.99999999999999,99.99999999999999,99.99999999999999,199.99999999999997,2.9999999999999996
E05000084,100.00000000000001,100.00000000000001,100.00000000000001,100.00000000000001,200.00000000000003,3.0000000000000004
E05000085,100.0,100.0,100.0,100.0,200.0,3.0
E05000086,99.99999999999997,99.99999999999997,99.99999999999997,99.99999999999997,199.99999999999994,2.9999999999999996
E05000087,100.0,100.0,100.0,100.0,200.0,2.9999999999999996
E05000088,100.0,100.0,100.0,100.0,200.0,3.0
E05000089,100.0,100.0,100.0,100.0,200.0,3.0000000000000004
E05000090,99.99999999999999,99.99999999999999,99.99999999999999,99.99999999999999,199.99999999999997,3.0
E05000091,99.99999999999999,99.99999999999999,99.99999999999999,99.99999999999999,199.99999999999997,2.9999999999999996
E05000092,100.0,100.0,100.0,100.0,200.0,3.0000000000000004
E05000093,99.99999999999999,99.99999999999999,99.99999999999999,99.99999999999999,199.99999999999997,3.0
E05000094,100.00000000000001,100.00000000000001,100.00000000000001,100.00000000000001,200.00000000000003,3.0000000000000004
E05000095,100.0,100.0,100.0,100.0,200.0,3.0
E05000096,100.00000000000001,100.00000000000001,100.00000000000001,100.00000000000001,200.00000000000003,3.0
E05000097,99.99999999999999,99.99999999999999,99.99999999999999,99.99999999999999,199.99999999999997,2.9999999999999996
E05000098,99.99999999999999,99.99999999999999,99.99999999999999,99.99999999999999,199.99999999999997,2.9999999999999996
E05000099,99.99999999999999,99.99999999999999,99.99999999999999,99.99999999999999,199.99999999999997,2.999999999999999
E05000100,99.99999999999999,99.99999999999999,99.99999999999999,99.99999999999999,199.99999999999997,3.0
E05000101,100.00000000000003,100.00000000000003,100.00000000000003,100.00000000000003,200.00000000000006,3.0000000000000004
E05000102,99.99999999999999,99.99999999999999,99.99999999999999,99.99999999999999,199.99999999999997,2.9999999999999996
E05000103,100.00000000000001,100.00000000000001,100.00000000000001,100.00000000000001,200.00000000000003,2.9999999999999996
E05000104,100.00000000000003,100.00000000000003,100.00000000000003,100.00000000000003,200.00000000000006,3.0000000000000004
E05000105,99.99999999999999,99.99999999999999,99.99999999999999,99.99999999999999,199.99999999999997,2.9999999999999996
E05000106,100.0,100.0,100.0,100.0,200.0,3.0000000000000004
E05000107,90.25116430901934,0.0,0.0,90.25116430901934,0.0,1.0
E05000108,99.99999999999999,32.353042658540936,91.88280305784969,99.99999999999999,124.23584571639063,2.514772710746611
E05000109,100.0,100.0,100.0,100.0,200.0,2.9999999999999996
E05000110,21.807587409434756,0.0,5.421993572963811,21.807587409434756,5.421993572963811,0.4791899321558431
E05000111,100.00000000000001,98.11482626490292,100.00000000000001,100.00000000000001,198.11482626490292,3.0000000000000004
E05000112,100.00000000000001,100.00000000000001,100.00000000000001,100.00000000000001,200.00000000000003,3.0000000000000004
E05000113,100.00000000000001,100.00000000000001,100.00000000000001,100.00000000000001,200.00000000000003,3.0000000000000004
E05000114,71.0964814355142,5.118840883088643,48.45314499299163,71.0964814355142,53.57198587608028,2.205493411605325
E05000115,100.0,46.471265213791476,100.0,100.0,146.4712652137915,2.5804672747380395
E05000116,99.99999999999999,99.99999999999999,99.99999999999999,99.99999999999999,199.99999999999997,2.9999999999999996
E05000117,64.16298568455504,0.0,0.5100536288090897,64.16298568455504,0.5100536288090897,1.3423178716839528
E05000118,99.99999999999999,0.0,73.66102417673409,99.99999999999999,73.66102417673409,2.0
E05000119,100.0,50.602731760031624,99.2533500911662,100.0,149.8560818511978,3.0000000000000004
E05000120,99.99999999999999,99.99999999999999,99.99999999999999,99.99999999999999,199.99999999999997,2.9999999999999996
E05000121,100.00000000000001,100.00000000000001,100.00000000000001,100.00000000000001,200.00000000000003,3.0000000000000004
E05000122,87.91425059442795,0.0,53.89271407376905,87.91425059442795,53.89271407376905,1.932338032178031
E05000123,100.0,100.0,100.0,100.0,200.0,3.0000000000000004
E05000124,100.0,20.30557370825278,100.0,100.0,120.30557370825278,2.4969898265041093
E05000125,100.0,100.0,100.0,100.0,200.0,2.9999999999999996
E05000126,100.0,100.0,100.0,100.0,200.0,3.0
E05000127,100.0,100.0,100.0,100.0,200.0,3.0
E05000128,100.0,100.0,100.0,100.0,200.0,3.0000000000000004
E05000129,100.0,100.0,100.0,100.0,200.0,3.0
E05000130,100.00000000000001,100.00000000000001,100.00000000000001,100.00000000000001,200.00000000000003,3.0000000000000004
E05000131,100.0,100.0,100.0,100.0,200.0,3.0
E05000132,100.0,100.0,100.0,100.0,200.0,2.999999999999999
E05000133,100.0,100.0,100.0,100.0,200.0,2.9999999999999996
E05000134,100.00000000000001,100.00000000000001,100.00000000000001,100.00000000000001,200.00000000000003,3.0000000000000004
E05000135,100.0,100.0,100.0,100.0,200.0,3.0000000000000004
E05000136,99.99999999999999,99.99999999999999,99.99999999999999,99.99999999999999,199.99999999999997,2.9999999999999996
E05000137,100.0,100.0,100.0,100.0,200.0,3.0000000000000004
E05000138,100.00000000000001,100.00000000000001,100.00000000000001,100.00000000000001,200.00000000000003,3.0000000000000004
E05000139,100.00000000000001,100.00000000000001,100.00000000000001,100.00000000000001,200.00000000000003,3.0000000000000004
E05000140,100.00000000000001,100.00000000000001,100.00000000000001,100.00000000000001,200.00000000000003,2.9999999999999996
E05000141,99.99999999999999,99.99999999999999,99.99999999999999,99.99999999999999,199.99999999999997,2.9999999999999996
E05000142,100.0,100.0,100.0,100.0,200.0,3.0000000000000004
E05000143,100.0,100.0,100.0,100.0,200.0,3.0
E05000144,100.00000000000001,100.00000000000001,100.00000000000001,100.00000000000001,200.00000000000003,3.0
E05000145,100.00000000000001,100.00000000000001,100.00000000000001,100.00000000000001,200.00000000000003,3.0000000000000004
E05000146,100.0,100.0,100.0,100.0,200.0,3.0
E05000147,100.0,100.0,100.0,100.0,200.0,2.9999999999999996
E05000148,100.0,100.0,100.0,100.0,200.0,3.0000000000000004
E05000149,100.0,100.0,100.0,100.0,200.0,3.0
E05000150,35.24840787883754,3.181605970883853,0.0,35.24840787883754,3.181605970883853,0.7959947404112921
E05000151,86.50909012045557,79.84395970824583,21.524584708759114,86.63956313669875,101.23807140076177,2.3570320219531276
E05000152,100.0,100.0,100.0,100.0,200.0,3.0
E05000153,100.00000000000001,100.00000000000001,100.00000000000001,100.00000000000001,200.00000000000003,3.0000000000000004
E05000154,100.00000000000001,11.629954080891363,100.00000000000001,100.00000000000001,111.62995408089138,2.4506789106328846
E05000155,99.99999999999999,69.55760215478628,89.06059401056444,99.99999999999999,158.61819616535075,2.782657907467842
E05000156,94.00124706925119,22.422913110891127,9.241497816568328,94.00124706925119,31.664410927459446,1.6948490238931415
E05000157,100.0,0.0,24.003476125356894,100.0,24.003476125356894,1.4579718322950477
E05000158,100.00000000000001,100.00000000000001,100.00000000000001,100.00000000000001,200.00000000000003,3.0
E05000159,99.99999999999999,99.90001725240202,99.0795402721135,99.99999999999999,198.97955752451554,3.0
E05000160,100.00000000000001,32.81121134246087,38.21752138898898,100.00000000000001,71.02873273144985,2.3209474920779067
E05000161,99.99999999999999,99.99999999999999,99.99999999999999,99.99999999999999,199.99999999999997,2.9999999999999996
E05000162,100.0,47.0298573062708,67.8184406842899,100.0,114.8482979905607,2.891566001352832
E05000163,99.99999999999999,99.99999999999999,99.99999999999999,99.99999999999999,199.99999999999997,3.0
E05000164,100.0,100.0,100.0,100.0,200.0,2.9999999999999996
E05000165,100.00000000000004,100.00000000000004,100.00000000000004,100.00000000000004,200.00000000000009,3.0000000000000004
E05000166,100.0,100.0,100.0,100.0,200.0,3.0
E05000167,99.99999999999999,99.99999999999999,99.99999999999999,99.99999999999999,199.99999999999997,2.9999999999999996
E05000168,99.99999999999999,99.99999999999999,99.99999999999999,99.99999999999999,199.99999999999997,2.9999999999999996
E05000169,100.00000000000001,100.00000000000001,100.00000000000001,100.00000000000001,200.00000000000003,3.0
E05000170,100.0,100.0,100.0,100.0,200.0,3.0
E05000171,100.00000000000001,100.00000000000001,100.00000000000001,100.00000000000001,200.00000000000003,3.0
E05000172,99.99999999999999,99.99999999999999,99.99999999999999,99.99999999999999,199.99999999999997,2.9999999999999996
E05000173,100.0,100.0,100.0,100.0,200.0,3.0000000000000004
E05000174,100.0,100.0,100.0,100.0,200.0,3.0
E05000175,99.99999999999999,99.99999999999999,99.99999999999999,99.99999999999999,199.99999999999997,3.0
E05000176,100.00000000000001,100.00000000000001,100.00000000000001,100.00000000000001,200.00000000000003,3.0
E05000177,100.0,100.0,100.0,100.0,200.0,3.0
E05000178,100.00000000000001,100.00000000000001,100.00000000000001,100.00000000000001,200.00000000000003,3.0
E05000179,99.99999999999999,99.99999999999999,99.99999999999999,99.99999999999999,199.99999999999997,2.999999999999999
E05000180,99.99999999999999,99.99999999999999,99.99999999999999,99.99999999999999,199.99999999999997,3.0
E05000181,99.99999999999999,99.99999999999999,99.99999999999999,99.99999999999999,199.99999999999997,2.9999999999999996
E05000182,100.00000000000001,100.00000000000001,100.00000000000001,100.00000000000001,200.00000000000003,3.0000000000000004
E05000183,100.00000000000001,100.00000000000001,100.00000000000001,100.00000000000001,200.00000000000003,3.0000000000000004
E05000184,100.00000000000001,100.00000000000001,100.00000000000001,100.00000000000001,200.00000000000003,3.0
E05000185,99.99999999999999,99.99999999999999,96.70789630751091,99.99999999999999,196.7078963075109,2.9999999999999996
E05000186,100.00000000000001,100.00000000000001,100.00000000000001,100.00000000000001,200.00000000000003,3.0
E05000187,100.0,100.0,100.0,100.0,200.0,3.0
E05000188,100.0,100.0,100.0,100.0,200.0,3.0
E05000189,100.0,100.0,100.0,100.0,200.0,3.0
E05000190,100.0,100.0,100.0,100.0,200.0,3.0
E05000191,99.99999999999999,99.99999999999999,99.99999999999999,99.99999999999999,199.99999999999997,3.0000000000000004
E05000192,100.00000000000001,100.00000000000001,100.00000000000001,100.00000000000001,200.00000000000003,3.0
E05000193,99.99999999999999,99.99999999999999,99.99999999999999,99.99999999999999,199.99999999999997,3.0
E05000194,100.0,100.0,100.0,100.0,200.0,3.0000000000000004
E05000195,80.06334640849087,76.21473487512783,0.0,80.06334640849087,76.21473487512783,2.0
E05000196,99.76498903850921,99.76498903850921,32.51728062667891,99.76498903850921,132.28226966518815,2.858964609408594
E05000197,100.0,100.0,100.0,100.0,200.0,3.0
E05000198,99.99999999999999,99.99999999999999,20.1700569737464,99.99999999999999,120.1700569737464,2.6810009051750923
E05000199,91.40676603360643,95.24977888738037,0.0,96.77366167765686,89.88288324332991,2.0
E05000200,100.0,100.0,100.0,100.0,200.0,3.0000000000000004
E05000201,100.0,100.0,100.0,100.0,200.0,3.0
E05000202,100.0,100.0,45.3890507520167,100.0,145.38905075201671,2.800581742633867
E05000203,100.0,100.0,100.0,100.0,200.0,3.0
E05000204,99.99999999999999,99.99999999999999,99.99999999999999,99.99999999999999,199.99999999999997,2.9999999999999996
E05000205,100.0,100.0,100.0,100.0,200.0,3.0000000000000004
E05000206,100.00000000000001,100.00000000000001,100.00000000000001,100.00000000000001,200.00000000000003,3.0000000000000004
E05000207,100.00000000000001,100.00000000000001,71.76813660245129,100.00000000000001,171.7681366024513,2.9364546413090733
E05000208,100.0,100.0,100.0,100.0,200.0,3.0
E05000209,100.00000000000001,100.00000000000001,100.00000000000001,100.00000000000001,200.00000000000003,3.0000000000000004
E05000210,100.00000000000001,100.00000000000001,28.346405123568353,100.00000000000001,128.3464051235684,2.5059268035776183
E05000211,98.82606174328592,89.84213640315654,0.0,98.82606174328592,89.84213640315654,2.0
E05000212,99.99999999999999,99.99999999999999,99.99999999999999,99.99999999999999,199.99999999999997,3.0000000000000004
E05000213,100.00000000000003,100.00000000000003,100.00000000000003,100.00000000000003,200.00000000000006,3.0
E05000214,100.0,100.0,100.0,100.0,200.0,3.0
E05000215,100.00000000000001,100.00000000000001,100.00000000000001,100.00000000000001,200.00000000000003,3.0
E05000216,99.99999999999999,99.99999999999999,99.99999999999999,99.99999999999999,199.99999999999997,3.0000000000000004
E05000217,99.99999999999999,99.99999999999999,99.99999999999999,99.99999999999999,199.99999999999997,3.0
E05000218,100.0,100.0,100.0,100.0,200.0,3.0
E05000219,100.00000000000001,100.00000000000001,100.00000000000001,100.00000000000001,200.00000000000003,3.0000000000000004
E05000220,99.99999999999999,99.99999999999999,99.99999999999999,99.99999999999999,199.99999999999997,3.0
E05000221,100.0,100.0,100.0,100.0,200.0,3.0
E05000222,100.00000000000001,100.00000000000001,100.00000000000001,100.00000000000001,200.00000000000003,3.0
E05000223,100.00000000000003,100.00000000000003,100.00000000000003,100.00000000000003,200.00000000000006,3.0000000000000004
E05000224,100.00000000000001,100.00000000000001,100.00000000000001,100.00000000000001,200.00000000000003,3.0
E05000225,99.99999999999999,99.99999999999999,99.99999999999999,99.99999999999999,199.99999999999997,2.9999999999999996
E05000226,100.0,100.0,100.0,100.0,200.0,2.9999999999999996
E05000227,100.0,100.0,100.0,100.0,200.0,2.9999999999999996
E05000228,100.0,100.0,100.0,100.0,200.0,3.0
E05000229,99.99999999999999,99.99999999999999,99.99999999999999,99.99999999999999,199.99999999999997,2.9999999999999996
E05000230,100.00000000000001,100.00000000000001,100.00000000000001,100.00000000000001,200.00000000000003,3.0
E05000231,100.0,100.0,100.0,100.0,200.0,3.0
E05000232,100.0,100.0,100.0,100.0,200.0,3.0000000000000004
E05000233,99.99999999999999,99.99999999999999,99.99999999999999,99.99999999999999,199.99999999999997,3.0
E05000234,99.99999999999999,99.99999999999999,99.99999999999999,99.99999999999999,199.99999999999997,2.9999999999999996
E05000235,100.00000000000001,100.00000000000001,100.00000000000001,100.00000000000001,200.00000000000003,3.0000000000000004
E05000236,100.00000000000001,100.00000000000001,100.00000000000001,100.00000000000001,200.00000000000003,3.0000000000000004
E05000237,100.00000000000001,100.00000000000001,100.00000000000001,100.00000000000001,200.00000000000003,3.0000000000000004
E05000238,100.0,100.0,100.0,100.0,200.0,2.9999999999999996
E05000239,99.99999999999999,99.99999999999999,99.99999999999999,99.99999999999999,199.99999999999997,2.9999999999999996
E05000240,100.0,100.0,100.0,100.0,200.0,3.0
E05000241,100.0,100.0,100.0,100.0,200.0,2.9999999999999996
E05000242,100.0,100.0,100.0,100.0,200.0,3.0
E05000243,99.99999999999999,99.99999999999999,99.99999999999999,99.99999999999999,199.99999999999997,3.0
E05000244,100.0,100.0,100.0,100.0,200.0,3.0
E05000245,100.0,100.0,100.0,100.0,200.0,2.9999999999999996
E05000246,99.99999999999999,99.99999999999999,99.99999999999999,99.99999999999999,199.99999999999997,2.9999999999999996
E05000247,100.0,100.0,100.0,100.0,200.0,3.0
E05000248,100.00000000000001,100.00000000000001,100.00000000000001,100.00000000000001,200.00000000000003,3.0000000000000004
E05000249,99.99999999999999,99.99999999999999,99.99999999999999,99.99999999999999,199.99999999999997,3.0000000000000004
E05000250,99.99999999999999,99.99999999999999,99.99999999999999,99.99999999999999,199.99999999999997,3.0
E05000251,99.99999999999999,99.99999999999999,99.99999999999999,99.99999999999999,199.99999999999997,2.9999999999999996
E05000252,100.00000000000001,100.00000000000001,100.00000000000001,100.00000000000001,200.00000000000003,3.0000000000000004
E05000253,100.0,100.0,100.0,100.0,200.0,3.0
E05000254,99.99999999999999,99.99999999999999,99.99999999999999,99.99999999999999,199.99999999999997,3.0
E05000255,100.0,100.0,100.0,100.0,200.0,3.0000000000000004
E05000256,100.0,100.0,100.0,100.0,200.0,3.0
E05000257,99.99999999999999,99.99999999999999,99.99999999999999,99.99999999999999,199.99999999999997,2.999999999999999
E05000258,100.00000000000003,100.00000000000003,100.00000000000003,100.00000000000003,200.00000000000006,3.0000000000000004
E05000259,99.99999999999999,99.99999999999999,99.99999999999999,99.99999999999999,199.99999999999997,2.9999999999999996
E05000260,99.99999999999997,99.99999999999997,99.99999999999997,99.99999999999997,199.99999999999994,2.9999999999999996
E05000261,100.0,100.0,100.0,100.0,200.0,3.0
E05000262,100.0,100.0,100.0,100.0,200.0,3.0
E05000263,99.99999999999999,99.99999999999999,99.99999999999999,99.99999999999999,199.99999999999997,3.0
E05000264,100.0,100.0,100.0,100.0,200.0,2.9999999999999996
E05000265,100.0,100.0,100.0,100.0,200.0,3.0000000000000004
E05000266,100.0,100.0,100.0,100.0,200.0,3.0
E05000267,100.00000000000003,100.00000000000003,100.00000000000003,100.00000000000003,200.00000000000006,3.000000000000001
E05000268,100.0,100.0,100.0,100.0,200.0,2.9999999999999996
E05000269,99.99999999999999,99.99999999999999,99.99999999999999,99.99999999999999,199.99999999999997,2.9999999999999996
E05000270,99.99999999999999,99.99999999999999,99.99999999999999,99.99999999999999,199.99999999999997,2.999999999999999
E05000271,99.99999999999999,99.99999999999999,99.99999999999999,99.99999999999999,199.99999999999997,2.9999999999999996
E05000272,99.99999999999999,99.99999999999999,99.99999999999999,99.99999999999999,199.99999999999997,2.9999999999999996
E05000273,100.0,100.0,100.0,100.0,200.0,3.0
E05000274,99.99999999999999,99.99999999999999,99.99999999999999,99.99999999999999,199.99999999999997,2.9999999999999996
E05000275,100.0,100.0,100.0,100.0,200.0,3.0
E05000276,99.99999999999999,99.99999999999999,99.99999999999999,99.99999999999999,199.99999999999997,2.9999999999999996
E05000277,99.99999999999999,99.99999999999999,99.99999999999999,99.99999999999999,199.99999999999997,2.9999999999999996
E05000278,100.00000000000001,100.00000000000001,100.00000000000001,100.00000000000001,200.00000000000003,3.0
E05000279,99.99999999999999,99.99999999999999,99.99999999999999,99.99999999999999,199.99999999999997,3.0
E05000280,100.0,100.0,100.0,100.0,200.0,3.0
E05000281,100.0,100.0,100.0,100.0,200.0,3.0
E05000282,100.0,100.0,100.0,100.0,200.0,3.0000000000000004
E05000283,100.0,100.0,100.0,100.0,200.0,3.0
E05000284,100.0,100.0,100.0,100.0,200.0,2.9999999999999996
E05000285,99.99999999999999,99.99999999999999,99.99999999999999,99.99999999999999,199.99999999999997,3.0
E05000286,99.99999999999999,99.99999999999999,89.28640273589664,99.99999999999999,189.28640273589662,2.9999999999999996
E05000287,100.0,100.0,100.0,100.0,200.0,3.0
E05000288,100.0,100.0,100.0,100.0,200.0,3.0000000000000004
E05000289,100.0,100.0,100.0,100.0,200.0,2.9999999999999996
E05000290,100.0,100.0,91.5178315552933,100.0,191.5178315552933,3.0
E05000291,99.99999999999999,99.99999999999999,46.33205349540537,99.99999999999999,146.33205349540538,2.9110627266796705
E05000292,100.0,100.0,100.0,100.0,200.0,3.0
E05000293,99.99999999999999,99.99999999999999,99.99999999999999,99.99999999999999,199.99999999999997,2.9999999999999996
E05000294,100.0,100.0,100.0,100.0,200.0,3.0
E05000295,100.00000000000001,100.00000000000001,100.00000000000001,100.00000000000001,200.00000000000003,3.0
E05000296,100.00000000000001,100.00000000000001,100.00000000000001,100.00000000000001,200.00000000000003,3.0
E05000297,99.99999999999999,99.99999999999999,14.546809588416977,99.99999999999999,114.54680958841696,2.286487588878397
E05000298,100.00000000000001,100.00000000000001,59.281409152072676,100.00000000000001,159.28140915207265,3.0000000000000004
E05000299,99.99999999999999,99.99999999999999,99.99999999999999,99.99999999999999,199.99999999999997,3.0
E05000300,99.99999999999999,99.99999999999999,99.99999999999999,99.99999999999999,199.99999999999997,3.0
E05000301,100.0,100.0,100.0,100.0,200.0,3.0
E05000302,100.0,100.0,100.0,100.0,200.0,2.9999999999999996
E05000303,100.0,100.0,97.94386622296366,100.0,197.9438662229637,3.0000000000000004
E05000304,100.0,100.0,100.0,100.0,200.0,3.0
E05000305,99.99999999999999,99.99999999999999,99.99999999999999,99.99999999999999,199.99999999999997,3.0
E05000306,100.00000000000001,100.00000000000001,100.00000000000001,100.00000000000001,200.00000000000003,3.000000000000001
E05000307,99.6467825208302,0.0,0.0,99.6467825208302,0.0,1.0
E05000308,100.0,97.62279704068726,100.0,100.0,197.6227970406873,3.0
E05000309,100.00000000000001,0.0,44.253833740010116,100.00000000000001,44.253833740010116,1.8326741491908753
E05000310,58.45452431463947,0.0,0.0,58.45452431463947,0.0,1.0
E05000311,100.00000000000001,43.60207748903067,85.7587690949299,100.00000000000001,129.36084658396058,2.63704995182249
E05000312,99.95194831585182,0.0,13.77374479790998,99.95194831585182,13.77374479790998,1.4061989364458773
E05000313,100.0,26.427748482475646,31.779580738106606,100.0,58.20732922058225,3.0
E05000314,100.0,0.0,47.35776663957738,100.0,47.35776663957738,1.6315708720031252
E05000315,100.0,77.65609307614841,100.0,100.0,177.6560930761484,2.9999999999999996
E05000316,99.99999999999999,99.99999999999999,99.99999999999999,99.99999999999999,199.99999999999997,2.9999999999999996
E05000317,100.0,45.51381678496853,100.0,100.0,145.51381678496855,3.0
E05000318,100.0,22.34495580072324,89.45321471639619,100.0,111.79817051711942,2.8205714884912716
E05000319,100.0,84.57793583342841,100.0,100.0,184.57793583342843,3.0
E05000320,100.00000000000001,25.613810978811625,91.45040868470224,100.00000000000001,117.06421966351385,2.503799608540162
E05000321,100.0,100.0,100.0,100.0,200.0,3.0
E05000322,99.99999999999999,0.8474817651737665,99.99451025123666,99.99999999999999,100.84199201641043,2.1193636288977133
E05000323,77.95214118605853,0.07057509086407278,4.3932994062885316,77.95214118605853,4.463874497152603,1.88218863580091
E05000324,100.00000000000001,100.00000000000001,100.00000000000001,100.00000000000001,200.00000000000003,3.0
E05000325,100.00000000000001,100.00000000000001,34.3008151104768,100.00000000000001,134.3008151104768,2.6928919869354924
E05000326,99.99999999999999,99.99999999999999,0.0,99.99999999999999,99.99999999999999,2.0
E05000327,100.00000000000001,100.00000000000001,47.40990508993994,100.00000000000001,147.40990508993994,2.6930971374640187
E05000328,100.0,100.0,16.21322633133283,100.0,116.21322633133282,2.5268000006368867
E05000329,100.00000000000001,100.00000000000001,0.6330032379499352,100.00000000000001,100.63300323794992,2.0686554488015116
E05000330,93.44708218639711,93.15740354226473,0.0,93.44708218639711,93.15740354226473,2.0
E05000331,62.70522402107219,49.04512099605443,41.27360068234567,63.17551271679395,89.84843298267836,2.908675583044931
E05000332,99.99999999999999,99.99999999999999,0.0,99.99999999999999,99.99999999999999,2.0
E05000333,100.0,100.0,0.0,100.0,100.0,2.0
E05000334,100.00000000000001,100.00000000000001,0.0,100.00000000000001,100.00000000000001,2.0
E05000335,99.99999999999999,99.99999999999999,0.0,99.99999999999999,99.99999999999999,2.0
E05000336,99.99999999999999,99.99999999999999,0.0,99.99999999999999,99.99999999999999,2.0
E05000337,100.00000000000001,100.00000000000001,60.484165697272054,100.00000000000001,160.48416569727206,3.0
E05000338,100.0,100.0,45.1542109686955,100.0,145.1542109686955,2.6417102708485256
E05000339,100.0,100.0,99.41488601706207,100.0,199.41488601706206,3.0
E05000340,99.99999999999999,99.99999999999999,0.0,99.99999999999999,99.99999999999999,2.0
E05000341,92.26506997599586,95.46549621697501,0.0,95.8729244484581,91.85764174451275,2.0
E05000342,78.64628528973113,75.07974742205927,0.0,79.39512183740761,74.3309108743828,2.0
E05000343,100.0,100.0,0.0,100.0,100.0,2.0
E05000344,100.0,100.0,100.0,100.0,200.0,3.0
E05000345,93.1307846753513,97.65829291474755,0.0,97.65829291474755,93.1307846753513,2.0
E05000346,84.52733011118691,41.00361904460632,91.3391636507371,91.3391636507371,125.53094915579322,2.9999999999999996
E05000347,99.99999999999999,99.99999999999999,99.99999999999999,99.99999999999999,199.99999999999997,2.999999999999999
E05000348,100.0,100.0,100.0,100.0,200.0,2.9999999999999996
E05000349,100.00000000000001,100.00000000000001,100.00000000000001,100.00000000000001,200.00000000000003,3.0000000000000004
E05000350,100.0,100.0,100.0,100.0,200.0,2.9999999999999996
E05000351,100.00000000000003,100.00000000000003,100.00000000000003,100.00000000000003,200.00000000000006,3.0000000000000004
E05000352,99.83255620479979,43.111700035042496,96.21281533797145,99.83748102230565,139.319590555508,2.9999999999999996
E05000353,100.00000000000001,100.00000000000001,100.00000000000001,100.00000000000001,200.00000000000003,3.0000000000000004
E05000354,100.0,100.0,100.0,100.0,200.0,3.0000000000000004
E05000355,99.99999999999999,99.99999999999999,99.99999999999999,99.99999999999999,199.99999999999997,2.9999999999999996
E05000356,100.0,100.0,100.0,100.0,200.0,3.0
E05000357,100.0,100.0,100.0,100.0,200.0,3.0000000000000004
E05000358,99.99999999999999,99.99999999999999,99.99999999999999,99.99999999999999,199.99999999999997,2.9999999999999996
E05000359,99.99999999999997,99.99999999999997,99.99999999999997,99.99999999999997,199.99999999999994,2.999999999999999
E05000360,100.0,100.0,100.0,100.0,200.0,2.9999999999999996
E05000361,100.0,100.0,100.0,100.0,200.0,2.9999999999999996
E05000362,99.99999999999999,99.99999999999999,99.99999999999999,99.99999999999999,199.99999999999997,2.9999999999999996
E05000363,100.00000000000003,100.00000000000003,100.00000000000003,100.00000000000003,200.00000000000006,3.0
E05000364,100.0,100.0,100.0,100.0,200.0,3.0
E05000365,100.0,100.0,100.0,100.0,200.0,2.9999999999999996
E05000366,100.00000000000001,100.00000000000001,100.00000000000001,100.00000000000001,200.00000000000003,3.0000000000000004
E05000367,100.0,100.0,100.0,100.0,200.0,3.0
E05000368,100.00000000000001,100.00000000000001,100.00000000000001,100.00000000000001,200.00000000000003,3.0
E05000369,100.0,100.0,100.0,100.0,200.0,3.0
E05000370,100.00000000000003,100.00000000000003,100.00000000000003,100.00000000000003,200.00000000000006,3.000000000000001
E05000371,99.99999999999999,99.99999999999999,99.99999999999999,99.99999999999999,199.99999999999997,3.0
E05000372,100.00000000000001,100.00000000000001,100.00000000000001,100.00000000000001,200.00000000000003,3.0
E05000373,100.0,100.0,100.0,100.0,200.0,3.0
E05000374,99.99999999999999,99.99999999999999,99.99999999999999,99.99999999999999,199.99999999999997,2.9999999999999996
E05000375,100.0,100.0,100.0,100.0,200.0,3.0000000000000004
E05000376,100.0,100.0,100.0,100.0,200.0,3.0000000000000004
E05000377,100.00000000000001,100.00000000000001,100.00000000000001,100.00000000000001,200.00000000000003,3.0
E05000378,100.0,100.0,100.0,100.0,200.0,2.9999999999999996
E05000379,100.0,100.0,100.0,100.0,200.0,3.000000000000001
E05000380,99.99999999999999,99.99999999999999,99.99999999999999,99.99999999999999,199.99999999999997,2.9999999999999996
E05000381,99.99999999999999,99.99999999999999,99.99999999999999,99.99999999999999,199.99999999999997,2.9999999999999996
E05000382,99.99999999999999,99.99999999999999,99.99999999999999,99.99999999999999,199.99999999999997,3.0
E05000383,100.0,100.0,100.0,100.0,200.0,3.000000000000001
E05000384,100.00000000000001,100.00000000000001,100.00000000000001,100.00000000000001,200.00000000000003,3.0
E05000385,100.00000000000003,100.00000000000003,100.00000000000003,100.00000000000003,200.00000000000006,3.0000000000000004
E05000386,100.00000000000001,100.00000000000001,100.00000000000001,100.00000000000001,200.00000000000003,3.0
E05000387,100.0,100.0,100.0,100.0,200.0,3.0
E05000388,100.0,100.0,100.0,100.0,200.0,2.9999999999999996
E05000389,99.99999999999999,99.99999999999999,99.99999999999999,99.99999999999999,199.99999999999997,3.0
E05000390,99.99999999999999,99.99999999999999,99.99999999999999,99.99999999999999,199.99999999999997,3.0
E05000391,100.00000000000001,100.00000000000001,100.00000000000001,100.00000000000001,200.00000000000003,3.0000000000000004
E05000392,99.99999999999999,99.99999999999999,99.99999999999999,99.99999999999999,199.99999999999997,2.9999999999999996
E05000393,99.99999999999999,99.99999999999999,99.99999999999999,99.99999999999999,199.99999999999997,3.0
E05000394,99.99999999999999,99.99999999999999,99.99999999999999,99.99999999999999,199.99999999999997,2.9999999999999996
E05000395,100.0,100.0,100.0,100.0,200.0,2.9999999999999996
E05000396,100.0,100.0,100.0,100.0,200.0,3.0
E05000397,100.0,100.0,100.0,100.0,200.0,3.0
E05000398,100.0,100.0,100.0,100.0,200.0,3.0
E05000399,100.00000000000001,100.00000000000001,100.00000000000001,100.00000000000001,200.00000000000003,3.0
E05000400,99.99999999999997,99.99999999999997,94.20922057180944,99.99999999999997,194.20922057180942,2.999999999999999
E05000401,100.0,100.0,100.0,100.0,200.0,3.0
E05000402,100.00000000000001,100.00000000000001,100.00000000000001,100.00000000000001,200.00000000000003,3.0000000000000004
E05000403,99.99999999999999,99.99999999999999,99.99999999999999,99.99999999999999,199.99999999999997,2.9999999999999996
E05000404,99.99999999999999,99.99999999999999,0.0,99.99999999999999,99.99999999999999,2.0
E05000405,99.84638766442698,99.77656387553016,0.0,99.84638766442698,99.77656387553016,2.0
E05000406,100.0,100.0,100.0,100.0,200.0,3.000000000000001
E05000407,100.0,100.0,100.0,100.0,200.0,2.9999999999999996
E05000408,99.99999999999999,99.99999999999999,99.99999999999999,99.99999999999999,199.99999999999997,2.9999999999999996
E05000409,99.99999999999999,99.99999999999999,99.99999999999999,99.99999999999999,199.99999999999997,3.0
E05000410,100.00000000000001,100.00000000000001,100.00000000000001,100.00000000000001,200.00000000000003,3.0
E05000411,99.99999999999999,99.99999999999999,99.99999999999999,99.99999999999999,199.99999999999997,2.9999999999999996
E05000412,100.0,100.0,98.46420588162165,100.0,198.46420588162164,3.000000000000001
E05000413,99.99999999999999,99.99999999999999,50.261423732937445,99.99999999999999,150.26142373293743,2.8094657175846693
E05000414,100.0,100.0,6.328536270819665,100.0,106.32853627081967,2.229455551350846
E05000415,100.00000000000001,100.00000000000001,100.00000000000001,100.00000000000001,200.00000000000003,3.000000000000001
E05000416,99.99999999999999,99.99999999999999,99.99999999999999,99.99999999999999,199.99999999999997,3.0
E05000417,100.00000000000001,100.00000000000001,100.00000000000001,100.00000000000001,200.00000000000003,3.0
E05000418,100.0,100.0,100.0,100.0,200.0,2.999999999999999
E05000419,100.0,100.0,100.0,100.0,200.0,3.0
E05000420,99.99999999999999,99.99999999999999,99.99999999999999,99.99999999999999,199.99999999999997,2.999999999999999
E05000421,100.0,100.0,100.0,100.0,200.0,3.0
E05000422,100.0,100.0,100.0,100.0,200.0,3.0
E05000423,100.0,100.0,100.0,100.0,200.0,3.0
E05000424,99.99999999999999,99.99999999999999,99.99999999999999,99.99999999999999,199.99999999999997,2.9999999999999996
E05000425,100.0,100.0,100.0,100.0,200.0,3.0
E05000426,100.00000000000001,100.00000000000001,100.00000000000001,100.00000000000001,200.00000000000003,3.0
E05000427,100.0,100.0,100.0,100.0,200.0,3.0
E05000428,100.0,100.0,100.0,100.0,200.0,3.0
E05000429,100.0,100.0,100.0,100.0,200.0,2.9999999999999996
E05000430,100.0,100.0,100.0,100.0,200.0,2.9999999999999996
E05000431,100.0,100.0,100.0,100.0,200.0,2.9999999999999996
E05000432,99.99999999999999,99.99999999999999,99.99999999999999,99.99999999999999,199.99999999999997,3.0
E05000433,100.00000000000001,100.00000000000001,100.00000000000001,100.00000000000001,200.00000000000003,3.0
E05000434,100.0,100.0,100.0,100.0,200.0,2.999999999999999
E05000435,100.00000000000001,100.00000000000001,100.00000000000001,100.00000000000001,200.00000000000003,3.000000000000001
E05000436,100.0,100.0,100.0,100.0,200.0,3.0000000000000004
E05000437,100.0,100.0,100.0,100.0,200.0,3.0000000000000004
E05000438,100.0,100.0,100.0,100.0,200.0,3.0
E05000439,100.0,100.0,100.0,100.0,200.0,2.9999999999999996
E05000440,100.0,100.0,100.0,100.0,200.0,2.9999999999999996
E05000441,100.00000000000003,100.00000000000003,100.00000000000003,100.00000000000003,200.00000000000006,3.000000000000001
E05000442,100.0,100.0,100.0,100.0,200.0,3.0
E05000443,100.0,100.0,100.0,100.0,200.0,2.9999999999999996
E05000444,100.0,100.0,100.0,100.0,200.0,3.000000000000001
E05000445,100.00000000000001,100.00000000000001,100.00000000000001,100.00000000000001,200.00000000000003,3.0000000000000004
E05000446,100.00000000000003,100.00000000000003,100.00000000000003,100.00000000000003,200.00000000000006,3.0000000000000004
E05000447,100.0,100.0,100.0,100.0,200.0,3.0
E05000448,100.00000000000003,100.00000000000003,100.00000000000003,100.00000000000003,200.00000000000006,3.0000000000000004
E05000449,99.99999999999999,99.99999999999999,99.99999999999999,99.99999999999999,199.99999999999997,3.0000000000000004
E05000450,100.00000000000001,100.00000000000001,100.00000000000001,100.00000000000001,200.00000000000003,3.0000000000000004
E05000451,100.00000000000001,100.00000000000001,100.00000000000001,100.00000000000001,200.00000000000003,3.0
E05000452,99.99999999999999,99.99999999999999,99.99999999999999,99.99999999999999,199.99999999999997,3.0
E05000453,100.00000000000001,100.00000000000001,100.00000000000001,100.00000000000001,200.00000000000003,3.0000000000000004
E05000454,99.99999999999999,99.99999999999999,99.99999999999999,99.99999999999999,199.99999999999997,3.0
E05000455,99.99999999999999,99.99999999999999,99.99999999999999,99.99999999999999,199.99999999999997,3.0
E05000456,100.00000000000001,100.00000000000001,100.00000000000001,100.00000000000001,200.00000000000003,3.0
E05000457,99.99999999999997,99.99999999999997,99.99999999999997,99.99999999999997,199.99999999999994,2.9999999999999996
E05000458,99.99999999999999,99.99999999999999,99.99999999999999,99.99999999999999,199.99999999999997,2.999999999999999
E05000459,100.0,100.0,100.0,100.0,200.0,3.0000000000000004
E05000460,100.0,100.0,100.0,100.0,200.0,3.0
E05000461,100.0,100.0,100.0,100.0,200.0,3.0
E05000462,99.99999999999999,99.99999999999999,99.99999999999999,99.99999999999999,199.99999999999997,3.0
E05000463,100.00000000000001,100.00000000000001,100.00000000000001,100.00000000000001,200.00000000000003,3.0000000000000004
E05000464,99.99999999999999,99.99999999999999,99.99999999999999,99.99999999999999,199.99999999999997,3.0
E05000465,100.00000000000001,100.00000000000001,100.00000000000001,100.00000000000001,200.00000000000003,3.0000000000000004
E05000466,100.00000000000001,100.00000000000001,100.00000000000001,100.00000000000001,200.00000000000003,2.9999999999999996
E05000467,100.0,100.0,100.0,100.0,200.0,3.0
E05000468,100.00000000000001,100.00000000000001,100.00000000000001,100.00000000000001,200.00000000000003,3.0000000000000004
E05000469,100.0,100.0,100.0,100.0,200.0,3.0
E05000470,100.0,100.0,100.0,100.0,200.0,3.0000000000000004
E05000471,99.99999999999999,99.99999999999999,99.99999999999999,99.99999999999999,199.99999999999997,3.0
E05000472,100.0,100.0,100.0,100.0,200.0,3.0
E05000473,100.0,100.0,100.0,100.0,200.0,3.0
E05000474,99.99999999999999,99.99999999999999,99.99999999999999,99.99999999999999,199.99999999999997,3.0
E05000475,100.00000000000001,100.00000000000001,100.00000000000001,100.00000000000001,200.00000000000003,2.9999999999999996
E05000476,99.99999999999999,99.99999999999999,99.99999999999999,99.99999999999999,199.99999999999997,2.9999999999999996
E05000477,100.0,100.0,100.0,100.0,200.0,3.0
E05000478,100.00000000000001,100.00000000000001,100.00000000000001,100.00000000000001,200.00000000000003,3.0
E05000479,99.99999999999999,99.99999999999999,99.99999999999999,99.99999999999999,199.99999999999997,2.9999999999999996
E05000480,100.0,100.0,100.0,100.0,200.0,3.0
E05000481,100.00000000000001,100.00000000000001,100.00000000000001,100.00000000000001,200.00000000000003,3.0
E05000482,99.99999999999999,99.99999999999999,99.99999999999999,99.99999999999999,199.99999999999997,2.9999999999999996
E05000483,99.99999999999999,99.99999999999999,99.99999999999999,99.99999999999999,199.99999999999997,2.9999999999999996
E05000484,100.0,100.0,100.0,100.0,200.0,3.0
E05000485,100.00000000000001,100.00000000000001,100.00000000000001,100.00000000000001,200.00000000000003,3.0
E05000486,100.0,100.0,100.0,100.0,200.0,3.0
E05000487,100.00000000000001,100.00000000000001,100.00000000000001,100.00000000000001,200.00000000000003,3.0000000000000004
E05000488,100.00000000000003,100.00000000000003,100.00000000000003,100.00000000000003,200.00000000000006,3.0000000000000004
E05000489,100.0,100.0,100.0,100.0,200.0,3.0000000000000004
E05000490,100.0,100.0,100.0,100.0,200.0,3.0
E05000491,100.0,100.0,100.0,100.0,200.0,3.0000000000000004
E05000492,100.0,100.0,100.0,100.0,200.0,3.0
E05000493,100.00000000000001,100.00000000000001,100.00000000000001,100.00000000000001,200.00000000000003,3.0
E05000494,100.0,100.0,100.0,100.0,200.0,2.9999999999999996
E05000495,100.0,100.0,100.0,100.0,200.0,2.9999999999999996
E05000496,100.00000000000001,100.00000000000001,100.00000000000001,100.00000000000001,200.00000000000003,3.0000000000000004
E05000497,99.99999999999999,99.99999999999999,99.99999999999999,99.99999999999999,199.99999999999997,2.9999999999999996
E05000498,100.0,100.0,100.0,100.0,200.0,3.0
E05000499,100.00000000000003,100.00000000000003,100.00000000000003,100.00000000000003,200.00000000000006,3.0000000000000004
E05000500,100.0,100.0,100.0,100.0,200.0,3.0
E05000501,100.0,100.0,100.0,100.0,200.0,3.0
E05000502,100.0,100.0,100.0,100.0,200.0,3.0000000000000004
E05000503,100.0,100.0,100.0,100.0,200.0,2.9999999999999996
E05000504,100.00000000000001,100.00000000000001,100.00000000000001,100.00000000000001,200.00000000000003,3.0
E05000505,100.0,100.0,100.0,100.0,200.0,3.0
E05000506,99.99999999999999,99.78515464813213,90.49980709709345,99.99999999999999,190.2849617452256,3.0
E05000507,100.0,100.0,100.0,100.0,200.0,3.0
E05000508,100.0,100.0,100.0,100.0,200.0,2.9999999999999996
E05000509,100.00000000000003,100.00000000000003,100.00000000000003,100.00000000000003,200.00000000000006,3.0000000000000004
E05000510,100.0,100.0,100.0,100.0,200.0,3.0
E05000511,100.00000000000001,100.00000000000001,100.00000000000001,100.00000000000001,200.00000000000003,3.0
E05000512,100.0,100.0,100.0,100.0,200.0,3.0000000000000004
E05000513,100.00000000000001,100.00000000000001,100.00000000000001,100.00000000000001,200.00000000000003,3.0
E05000514,100.0,100.0,100.0,100.0,200.0,3.0
E05000515,99.99999999999999,99.99999999999999,99.99999999999999,99.99999999999999,199.99999999999997,3.0
E05000516,100.00000000000001,100.00000000000001,100.00000000000001,100.00000000000001,200.00000000000003,3.0000000000000004
E05000517,99.99999999999999,99.99999999999999,99.99999999999999,99.99999999999999,199.99999999999997,3.0
E05000518,100.0,100.0,100.0,100.0,200.0,2.9999999999999996
E05000519,99.99999999999997,99.99999999999997,99.99999999999997,99.99999999999997,199.99999999999994,3.0
E05000520,100.0,100.0,96.29001781447529,100.0,196.2900178144753,2.9999999999999996
E05000521,100.0,100.0,100.0,100.0,200.0,3.0000000000000004
E05000522,100.0,100.0,100.0,100.0,200.0,3.0000000000000004
E05000523,100.00000000000001,100.00000000000001,100.00000000000001,100.00000000000001,200.00000000000003,3.0
E05000524,100.0,100.0,100.0,100.0,200.0,3.000000000000001
E05000525,100.0,100.0,100.0,100.0,200.0,2.9999999999999996
E05000526,100.0,100.0,100.0,100.0,200.0,3.0
E05000527,100.0,100.0,100.0,100.0,200.0,3.0000000000000004
E05000528,100.00000000000001,100.00000000000001,100.00000000000001,100.00000000000001,200.00000000000003,3.0
E05000529,100.0,100.0,100.0,100.0,200.0,2.9999999999999996
E05000530,100.0,100.0,100.0,100.0,200.0,3.0
E05000531,100.0,100.0,100.0,100.0,200.0,3.0
E05000532,100.0,100.0,100.0,100.0,200.0,3.0
E05000533,100.0,100.0,100.0,100.0,200.0,3.0
E05000534,100.0,100.0,100.0,100.0,200.0,3.0
E05000535,100.0,100.0,100.0,100.0,200.0,3.0000000000000004
E05000536,100.00000000000001,100.00000000000001,100.00000000000001,100.00000000000001,200.00000000000003,3.0
E05000537,99.99999999999997,99.99999999999997,99.99999999999997,99.99999999999997,199.99999999999994,3.0
E05000538,99.99999999999999,99.99999999999999,99.99999999999999,99.99999999999999,199.99999999999997,2.9999999999999996
E05000539,100.00000000000001,100.00000000000001,100.00000000000001,100.00000000000001,200.00000000000003,3.0000000000000004
E05000540,100.0,100.0,100.0,100.0,200.0,3.0000000000000004
E05000541,100.00000000000001,100.00000000000001,100.00000000000001,100.00000000000001,200.00000000000003,3.0000000000000004
E05000542,100.0,100.0,100.0,100.0,200.0,3.0
E05000543,100.00000000000001,100.00000000000001,100.00000000000001,100.00000000000001,200.00000000000003,3.000000000000001
E05000544,100.00000000000001,100.00000000000001,100.00000000000001,100.00000000000001,200.00000000000003,3.0
E05000545,100.0,100.0,100.0,100.0,200.0,3.0000000000000004
E05000546,100.0,100.0,100.0,100.0,200.0,3.0
E05000547,99.99999999999999,99.99999999999999,99.99999999999999,99.99999999999999,199.99999999999997,2.9999999999999996
E05000548,100.0,100.0,100.0,100.0,200.0,2.9999999999999996
E05000549,100.0,100.0,100.0,100.0,200.0,3.0
E05000550,99.99999999999999,99.99999999999999,99.99999999999999,99.99999999999999,199.99999999999997,3.0
E05000551,100.00000000000001,100.00000000000001,100.00000000000001,100.00000000000001,200.00000000000003,3.0
E05000552,100.0,100.0,100.0,100.0,200.0,3.0
E05000553,99.99999999999999,99.99999999999999,99.99999999999999,99.99999999999999,199.99999999999997,2.9999999999999996
E05000554,99.99999999999999,99.99999999999999,99.99999999999999,99.99999999999999,199.99999999999997,2.999999999999999
E05000555,100.0,100.0,100.0,100.0,200.0,3.0
E05000556,100.0,100.0,100.0,100.0,200.0,3.0
E05000557,100.0,100.0,28.399780743160974,100.0,128.39978074316096,2.799901314256897
E05000558,100.00000000000003,100.00000000000003,100.00000000000003,100.00000000000003,200.00000000000006,3.0000000000000004
E05000559,100.0,100.0,47.680203767931104,100.0,147.68020376793112,2.9059804403854383
E05000560,99.99999999999997,99.99999999999997,22.28390263005822,99.99999999999997,122.2839026300582,2.4007364194569485
E05000561,100.0,100.0,100.0,100.0,200.0,3.0000000000000004
E05000562,100.0,100.0,100.0,100.0,200.0,3.0000000000000004
E05000563,100.0,100.0,100.0,100.0,200.0,2.9999999999999996
E05000564,99.99999999999999,99.99999999999999,99.99999999999999,99.99999999999999,199.99999999999997,3.0
E05000565,99.99999999999999,99.99999999999999,99.99999999999999,99.99999999999999,199.99999999999997,3.0
E05000566,99.99999999999999,99.99999999999999,99.96063008929059,99.99999999999999,199.9606300892906,3.0000000000000004
E05000567,100.0,100.0,99.63409996901515,100.0,199.63409996901515,3.0
E05000568,100.00000000000001,100.00000000000001,100.00000000000001,100.00000000000001,200.00000000000003,3.0
E05000569,100.00000000000001,100.00000000000001,100.00000000000001,100.00000000000001,200.00000000000003,3.0000000000000004
E05000570,100.0,100.0,100.0,100.0,200.0,2.9999999999999996
E05000571,100.0,100.0,100.0,100.0,200.0,3.0000000000000004
E05000572,99.99999999999999,99.99999999999999,99.99999999999999,99.99999999999999,199.99999999999997,2.999999999999999
E05000573,100.00000000000001,100.00000000000001,100.00000000000001,100.00000000000001,200.00000000000003,3.0000000000000004
E05000574,100.0,100.0,100.0,100.0,200.0,3.0000000000000004
E05000575,99.99999999999999,99.99999999999999,99.99999999999999,99.99999999999999,199.99999999999997,3.0
E05000576,100.0,100.0,100.0,100.0,200.0,3.0000000000000004
E05000577,100.0,100.0,100.0,100.0,200.0,3.0
E05000578,100.0,100.0,100.0,100.0,200.0,3.0000000000000004
E05000579,99.99999999999999,99.99999999999999,99.99999999999999,99.99999999999999,199.99999999999997,3.0
E05000580,99.99999999999999,99.99999999999999,99.99999999999999,99.99999999999999,199.99999999999997,3.0
E05000581,100.0,100.0,100.0,100.0,200.0,3.0
E05000582,100.00000000000001,100.00000000000001,100.00000000000001,100.00000000000001,200.00000000000003,2.9999999999999996
E05000583,99.99999999999999,99.99999999999999,99.99999999999999,99.99999999999999,199.99999999999997,3.0000000000000004
E05000584,100.0,100.0,100.0,100.0,200.0,3.0000000000000004
E05000585,100.0,100.0,100.0,100.0,200.0,3.0
E05000586,100.00000000000001,100.00000000000001,100.00000000000001,100.00000000000001,200.00000000000003,3.0
E05000587,100.0,100.0,100.0,100.0,200.0,3.0
E05000588,100.0,100.0,100.0,100.0,200.0,3.0
E05000589,100.0,100.0,100.0,100.0,200.0,3.0000000000000004
E05000590,100.0,100.0,100.0,100.0,200.0,3.0000000000000004
E05000591,100.0,100.0,100.0,100.0,200.0,3.0
E05000592,99.99999999999999,99.99999999999999,99.99999999999999,99.99999999999999,199.99999999999997,2.999999999999999
E05000593,99.99999999999999,99.99999999999999,99.99999999999999,99.99999999999999,199.99999999999997,2.9999999999999996
E05000594,100.0,100.0,100.0,100.0,200.0,3.0
E05000595,99.99999999999999,99.99999999999999,99.99999999999999,99.99999999999999,199.99999999999997,3.0000000000000004
E05000596,100.00000000000001,100.00000000000001,100.00000000000001,100.00000000000001,200.00000000000003,3.0
E05000597,99.99999999999997,99.99999999999997,99.99999999999997,99.99999999999997,199.99999999999994,3.0
E05000598,100.00000000000001,100.00000000000001,100.00000000000001,100.00000000000001,200.00000000000003,3.0
E05000599,100.0,100.0,100.0,100.0,200.0,2.999999999999999
E05000600,100.00000000000001,100.00000000000001,100.00000000000001,100.00000000000001,200.00000000000003,3.000000000000001
E05000601,99.99999999999999,99.99999999999999,99.99999999999999,99.99999999999999,199.99999999999997,3.0
E05000602,100.00000000000001,100.00000000000001,100.00000000000001,100.00000000000001,200.00000000000003,3.0000000000000004
E05000603,99.99999999999999,99.99999999999999,99.99999999999999,99.99999999999999,199.99999999999997,3.0
E05000604,100.00000000000001,100.00000000000001,100.00000000000001,100.00000000000001,200.00000000000003,3.0
E05000605,100.0,100.0,100.0,100.0,200.0,3.0
E05000606,99.99999999999999,99.99999999999999,99.99999999999999,99.99999999999999,199.99999999999997,3.0
E05000607,100.0,100.0,100.0,100.0,200.0,2.9999999999999996
E05000608,100.0,100.0,100.0,100.0,200.0,2.9999999999999996
E05000609,100.0,100.0,100.0,100.0,200.0,2.9999999999999996
E05000610,100.0,100.0,100.0,100.0,200.0,2.9999999999999996
E05000611,100.0,100.0,100.0,100.0,200.0,3.0
E05000612,100.0,100.0,100.0,100.0,200.0,3.000000000000001
E05000613,99.99999999999999,99.99999999999999,99.99999999999999,99.99999999999999,199.99999999999997,3.0
E05000614,100.0,100.0,100.0,100.0,200.0,3.0
E05000615,100.0,100.0,100.0,100.0,200.0,3.0
E05000616,100.0,100.0,100.0,100.0,200.0,3.0
E05000617,100.0,100.0,100.0,100.0,200.0,3.0
E05000618,100.0,100.0,100.0,100.0,200.0,3.0
E05000619,100.00000000000001,100.00000000000001,100.00000000000001,100.00000000000001,200.00000000000003,2.9999999999999996
E05000620,99.99999999999999,99.99999999999999,99.99999999999999,99.99999999999999,199.99999999999997,2.9999999999999996
E05000621,100.0,100.0,100.0,100.0,200.0,3.0
E05000622,100.00000000000003,100.00000000000003,100.00000000000003,100.00000000000003,200.00000000000006,3.0
E05000623,100.0,100.0,100.0,100.0,200.0,3.0
E05000624,100.00000000000001,100.00000000000001,100.00000000000001,100.00000000000001,200.00000000000003,3.0000000000000004
E05000625,100.00000000000001,100.00000000000001,100.00000000000001,100.00000000000001,200.00000000000003,3.0
E05000626,100.0,100.0,100.0,100.0,200.0,3.0
E05000627,100.0,100.0,100.0,100.0,200.0,3.0
E05000628,99.99999999999999,99.99999999999999,99.99999999999999,99.99999999999999,199.99999999999997,2.9999999999999996
E05000629,99.99999999999999,99.99999999999999,99.99999999999999,99.99999999999999,199.99999999999997,3.0000000000000004
E05000630,100.00000000000001,100.00000000000001,100.00000000000001,100.00000000000001,200.00000000000003,3.0
E05000631,100.00000000000001,100.00000000000001,100.00000000000001,100.00000000000001,200.00000000000003,3.0000000000000004
E05000632,99.99999999999999,99.99999999999999,99.99999999999999,99.99999999999999,199.99999999999997,3.0
E05000633,99.99999999999999,99.99999999999999,99.99999999999999,99.99999999999999,199.99999999999997,3.0
E05000634,100.00000000000001,100.00000000000001,100.00000000000001,100.00000000000001,200.00000000000003,3.0
E05000635,100.00000000000001,100.00000000000001,100.00000000000001,100.00000000000001,200.00000000000003,3.0000000000000004
E05000636,100.0,100.0,100.0,100.0,200.0,3.0
E05000637,99.99999999999999,99.99999999999999,99.99999999999999,99.99999999999999,199.99999999999997,2.9999999999999996
E05000638,99.99999999999999,99.99999999999999,99.99999999999999,99.99999999999999,199.99999999999997,3.0
E05000639,100.00000000000001,100.00000000000001,100.00000000000001,100.00000000000001,200.00000000000003,3.0000000000000004
E05000640,99.99999999999997,99.99999999999997,99.99999999999997,99.99999999999997,199.99999999999994,3.0
E05000641,99.99999999999997,99.99999999999997,99.99999999999997,99.99999999999997,199.99999999999994,2.999999999999999
E05000642,100.0,100.0,100.0,100.0,200.0,3.0
E05000643,100.0,100.0,100.0,100.0,200.0,3.0
E05000644,99.99999999999999,99.99999999999999,99.99999999999999,99.99999999999999,199.99999999999997,3.0000000000000004
E05000645,100.00000000000001,100.00000000000001,100.00000000000001,100.00000000000001,200.00000000000003,3.0000000000000004
E05000646,100.0,100.0,100.0,100.0,200.0,2.9999999999999996
E05000647,100.0,100.0,100.0,100.0,200.0,3.0
E05000648,100.00000000000001,100.00000000000001,100.00000000000001,100.00000000000001,200.00000000000003,3.0
E05000649,100.00000000000001,100.00000000000001,100.00000000000001,100.00000000000001,200.00000000000003,2.9999999999999996
